sample,fastq_1,fastq_2,strandedness,Sample_ID_name,genotype,virus,leaf_age,time_point,treatment,lane,run_accession,sample_accession,experiment_accession,study_accession,tax_id,scientific_name,fastq_ftp,submitted_ftp,bam_ftp
UK-3126-BMYV-01_S91_L003,/proj/snic2021-23-442/raw_rna_data/all_raw_fastq/UK-3126-BMYV-01_S91_L003_R1_001.fastq.gz,/proj/snic2021-23-442/raw_rna_data/all_raw_fastq/UK-3126-BMYV-01_S91_L003_R2_001.fastq.gz,forward,Sample_UK-3126-BMYV-01,Resistant,BMYV,Old,0_DAI,Non-inoculated,3,ERR13821900,SAMEA116105918,ERX13224652,PRJEB80223,161934,Beta vulgaris,ftp.sra.ebi.ac.uk/vol1/fastq/ERR138/000/ERR13821900/ERR13821900_1.fastq.gz;ftp.sra.ebi.ac.uk/vol1/fastq/ERR138/000/ERR13821900/ERR13821900_2.fastq.gz,ftp.sra.ebi.ac.uk/vol1/run/ERR138/ERR13821900/UK-3126-BMYV-01_S91_L003_R1_001.fastq.gz;ftp.sra.ebi.ac.uk/vol1/run/ERR138/ERR13821900/UK-3126-BMYV-01_S91_L003_R2_001.fastq.gz,ftp.sra.ebi.ac.uk/vol1/err/ERR138/000/ERR13821900/ERR13821900.bam
UK-3126-BMYV-02_S92_L003,/proj/snic2021-23-442/raw_rna_data/all_raw_fastq/UK-3126-BMYV-02_S92_L003_R1_001.fastq.gz,/proj/snic2021-23-442/raw_rna_data/all_raw_fastq/UK-3126-BMYV-02_S92_L003_R2_001.fastq.gz,forward,Sample_UK-3126-BMYV-02,Resistant,BMYV,Old,0_DAI,Non-inoculated,3,ERR13821901,SAMEA116105919,ERX13224653,PRJEB80223,161934,Beta vulgaris,ftp.sra.ebi.ac.uk/vol1/fastq/ERR138/001/ERR13821901/ERR13821901_1.fastq.gz;ftp.sra.ebi.ac.uk/vol1/fastq/ERR138/001/ERR13821901/ERR13821901_2.fastq.gz,ftp.sra.ebi.ac.uk/vol1/run/ERR138/ERR13821901/UK-3126-BMYV-02_S92_L003_R1_001.fastq.gz;ftp.sra.ebi.ac.uk/vol1/run/ERR138/ERR13821901/UK-3126-BMYV-02_S92_L003_R2_001.fastq.gz,ftp.sra.ebi.ac.uk/vol1/err/ERR138/001/ERR13821901/ERR13821901.bam
UK-3126-BMYV-03_S93_L003,/proj/snic2021-23-442/raw_rna_data/all_raw_fastq/UK-3126-BMYV-03_S93_L003_R1_001.fastq.gz,/proj/snic2021-23-442/raw_rna_data/all_raw_fastq/UK-3126-BMYV-03_S93_L003_R2_001.fastq.gz,forward,Sample_UK-3126-BMYV-03,Resistant,BMYV,Old,0_DAI,Non-inoculated,3,ERR13821902,SAMEA116105920,ERX13224654,PRJEB80223,161934,Beta vulgaris,ftp.sra.ebi.ac.uk/vol1/fastq/ERR138/002/ERR13821902/ERR13821902_1.fastq.gz;ftp.sra.ebi.ac.uk/vol1/fastq/ERR138/002/ERR13821902/ERR13821902_2.fastq.gz,ftp.sra.ebi.ac.uk/vol1/run/ERR138/ERR13821902/UK-3126-BMYV-03_S93_L003_R1_001.fastq.gz;ftp.sra.ebi.ac.uk/vol1/run/ERR138/ERR13821902/UK-3126-BMYV-03_S93_L003_R2_001.fastq.gz,ftp.sra.ebi.ac.uk/vol1/err/ERR138/002/ERR13821902/ERR13821902.bam
UK-3126-BMYV-04_S94_L003,/proj/snic2021-23-442/raw_rna_data/all_raw_fastq/UK-3126-BMYV-04_S94_L003_R1_001.fastq.gz,/proj/snic2021-23-442/raw_rna_data/all_raw_fastq/UK-3126-BMYV-04_S94_L003_R2_001.fastq.gz,forward,Sample_UK-3126-BMYV-04,Susceptible,BMYV,Old,0_DAI,Non-inoculated,3,ERR13821903,SAMEA116105921,ERX13224655,PRJEB80223,161934,Beta vulgaris,ftp.sra.ebi.ac.uk/vol1/fastq/ERR138/003/ERR13821903/ERR13821903_1.fastq.gz;ftp.sra.ebi.ac.uk/vol1/fastq/ERR138/003/ERR13821903/ERR13821903_2.fastq.gz,ftp.sra.ebi.ac.uk/vol1/run/ERR138/ERR13821903/UK-3126-BMYV-04_S94_L003_R1_001.fastq.gz;ftp.sra.ebi.ac.uk/vol1/run/ERR138/ERR13821903/UK-3126-BMYV-04_S94_L003_R2_001.fastq.gz,ftp.sra.ebi.ac.uk/vol1/err/ERR138/003/ERR13821903/ERR13821903.bam
UK-3126-BMYV-05_S95_L003,/proj/snic2021-23-442/raw_rna_data/all_raw_fastq/UK-3126-BMYV-05_S95_L003_R1_001.fastq.gz,/proj/snic2021-23-442/raw_rna_data/all_raw_fastq/UK-3126-BMYV-05_S95_L003_R2_001.fastq.gz,forward,Sample_UK-3126-BMYV-05,Susceptible,BMYV,Old,0_DAI,Non-inoculated,3,ERR13821904,SAMEA116105922,ERX13224656,PRJEB80223,161934,Beta vulgaris,ftp.sra.ebi.ac.uk/vol1/fastq/ERR138/004/ERR13821904/ERR13821904_1.fastq.gz;ftp.sra.ebi.ac.uk/vol1/fastq/ERR138/004/ERR13821904/ERR13821904_2.fastq.gz,ftp.sra.ebi.ac.uk/vol1/run/ERR138/ERR13821904/UK-3126-BMYV-05_S95_L003_R1_001.fastq.gz;ftp.sra.ebi.ac.uk/vol1/run/ERR138/ERR13821904/UK-3126-BMYV-05_S95_L003_R2_001.fastq.gz,ftp.sra.ebi.ac.uk/vol1/err/ERR138/004/ERR13821904/ERR13821904.bam
UK-3126-BMYV-06_S96_L003,/proj/snic2021-23-442/raw_rna_data/all_raw_fastq/UK-3126-BMYV-06_S96_L003_R1_001.fastq.gz,/proj/snic2021-23-442/raw_rna_data/all_raw_fastq/UK-3126-BMYV-06_S96_L003_R2_001.fastq.gz,forward,Sample_UK-3126-BMYV-06,Susceptible,BMYV,Old,0_DAI,Non-inoculated,3,ERR13821905,SAMEA116105923,ERX13224657,PRJEB80223,161934,Beta vulgaris,ftp.sra.ebi.ac.uk/vol1/fastq/ERR138/005/ERR13821905/ERR13821905_1.fastq.gz;ftp.sra.ebi.ac.uk/vol1/fastq/ERR138/005/ERR13821905/ERR13821905_2.fastq.gz,ftp.sra.ebi.ac.uk/vol1/run/ERR138/ERR13821905/UK-3126-BMYV-06_S96_L003_R1_001.fastq.gz;ftp.sra.ebi.ac.uk/vol1/run/ERR138/ERR13821905/UK-3126-BMYV-06_S96_L003_R2_001.fastq.gz,ftp.sra.ebi.ac.uk/vol1/err/ERR138/005/ERR13821905/ERR13821905.bam
UK-3126-BMYV-07_S97_L003,/proj/snic2021-23-442/raw_rna_data/all_raw_fastq/UK-3126-BMYV-07_S97_L003_R1_001.fastq.gz,/proj/snic2021-23-442/raw_rna_data/all_raw_fastq/UK-3126-BMYV-07_S97_L003_R2_001.fastq.gz,forward,Sample_UK-3126-BMYV-07,Resistant,BMYV,Old,1_DAI,Inoculated,3,ERR13821906,SAMEA116105924,ERX13224658,PRJEB80223,161934,Beta vulgaris,ftp.sra.ebi.ac.uk/vol1/fastq/ERR138/006/ERR13821906/ERR13821906_1.fastq.gz;ftp.sra.ebi.ac.uk/vol1/fastq/ERR138/006/ERR13821906/ERR13821906_2.fastq.gz,ftp.sra.ebi.ac.uk/vol1/run/ERR138/ERR13821906/UK-3126-BMYV-07_S97_L003_R1_001.fastq.gz;ftp.sra.ebi.ac.uk/vol1/run/ERR138/ERR13821906/UK-3126-BMYV-07_S97_L003_R2_001.fastq.gz,ftp.sra.ebi.ac.uk/vol1/err/ERR138/006/ERR13821906/ERR13821906.bam
UK-3126-BMYV-08_S98_L003,/proj/snic2021-23-442/raw_rna_data/all_raw_fastq/UK-3126-BMYV-08_S98_L003_R1_001.fastq.gz,/proj/snic2021-23-442/raw_rna_data/all_raw_fastq/UK-3126-BMYV-08_S98_L003_R2_001.fastq.gz,forward,Sample_UK-3126-BMYV-08,Resistant,BMYV,Old,1_DAI,Inoculated,3,ERR13821907,SAMEA116105925,ERX13224659,PRJEB80223,161934,Beta vulgaris,ftp.sra.ebi.ac.uk/vol1/fastq/ERR138/007/ERR13821907/ERR13821907_1.fastq.gz;ftp.sra.ebi.ac.uk/vol1/fastq/ERR138/007/ERR13821907/ERR13821907_2.fastq.gz,ftp.sra.ebi.ac.uk/vol1/run/ERR138/ERR13821907/UK-3126-BMYV-08_S98_L003_R1_001.fastq.gz;ftp.sra.ebi.ac.uk/vol1/run/ERR138/ERR13821907/UK-3126-BMYV-08_S98_L003_R2_001.fastq.gz,ftp.sra.ebi.ac.uk/vol1/err/ERR138/007/ERR13821907/ERR13821907.bam
UK-3126-BMYV-09_S178_L004,/proj/snic2021-23-442/raw_rna_data/all_raw_fastq/UK-3126-BMYV-09_S178_L004_R1_001.fastq.gz,/proj/snic2021-23-442/raw_rna_data/all_raw_fastq/UK-3126-BMYV-09_S178_L004_R2_001.fastq.gz,forward,Sample_UK-3126-BMYV-09,Resistant,BMYV,Old,1_DAI,Inoculated,4,ERR13821908,SAMEA116105926,ERX13224660,PRJEB80223,161934,Beta vulgaris,ftp.sra.ebi.ac.uk/vol1/fastq/ERR138/008/ERR13821908/ERR13821908_1.fastq.gz;ftp.sra.ebi.ac.uk/vol1/fastq/ERR138/008/ERR13821908/ERR13821908_2.fastq.gz,ftp.sra.ebi.ac.uk/vol1/run/ERR138/ERR13821908/UK-3126-BMYV-09_S178_L004_R1_001.fastq.gz;ftp.sra.ebi.ac.uk/vol1/run/ERR138/ERR13821908/UK-3126-BMYV-09_S178_L004_R2_001.fastq.gz,ftp.sra.ebi.ac.uk/vol1/err/ERR138/008/ERR13821908/ERR13821908.bam
UK-3126-BMYV-10_S179_L004,/proj/snic2021-23-442/raw_rna_data/all_raw_fastq/UK-3126-BMYV-10_S179_L004_R1_001.fastq.gz,/proj/snic2021-23-442/raw_rna_data/all_raw_fastq/UK-3126-BMYV-10_S179_L004_R2_001.fastq.gz,forward,Sample_UK-3126-BMYV-10,Susceptible,BMYV,Old,1_DAI,Inoculated,4,ERR13821919,SAMEA116105937,ERX13224671,PRJEB80223,161934,Beta vulgaris,ftp.sra.ebi.ac.uk/vol1/fastq/ERR138/019/ERR13821919/ERR13821919_1.fastq.gz;ftp.sra.ebi.ac.uk/vol1/fastq/ERR138/019/ERR13821919/ERR13821919_2.fastq.gz,ftp.sra.ebi.ac.uk/vol1/run/ERR138/ERR13821919/UK-3126-BMYV-10_S179_L004_R1_001.fastq.gz;ftp.sra.ebi.ac.uk/vol1/run/ERR138/ERR13821919/UK-3126-BMYV-10_S179_L004_R2_001.fastq.gz,ftp.sra.ebi.ac.uk/vol1/err/ERR138/019/ERR13821919/ERR13821919.bam
UK-3126-BMYV-100_S103_L003,/proj/snic2021-23-442/raw_rna_data/all_raw_fastq/UK-3126-BMYV-100_S103_L003_R1_001.fastq.gz,/proj/snic2021-23-442/raw_rna_data/all_raw_fastq/UK-3126-BMYV-100_S103_L003_R2_001.fastq.gz,forward,Sample_UK-3126-BMYV-100,Susceptible,BMYV,Young,21_DAI,Insecticide,3,ERR13821909,SAMEA116105927,ERX13224661,PRJEB80223,161934,Beta vulgaris,ftp.sra.ebi.ac.uk/vol1/fastq/ERR138/009/ERR13821909/ERR13821909_1.fastq.gz;ftp.sra.ebi.ac.uk/vol1/fastq/ERR138/009/ERR13821909/ERR13821909_2.fastq.gz,ftp.sra.ebi.ac.uk/vol1/run/ERR138/ERR13821909/UK-3126-BMYV-100_S103_L003_R1_001.fastq.gz;ftp.sra.ebi.ac.uk/vol1/run/ERR138/ERR13821909/UK-3126-BMYV-100_S103_L003_R2_001.fastq.gz,ftp.sra.ebi.ac.uk/vol1/err/ERR138/009/ERR13821909/ERR13821909.bam
UK-3126-BMYV-101_S104_L003,/proj/snic2021-23-442/raw_rna_data/all_raw_fastq/UK-3126-BMYV-101_S104_L003_R1_001.fastq.gz,/proj/snic2021-23-442/raw_rna_data/all_raw_fastq/UK-3126-BMYV-101_S104_L003_R2_001.fastq.gz,forward,Sample_UK-3126-BMYV-101,Susceptible,BMYV,Old,21_DAI,Insecticide,3,ERR13821910,SAMEA116105928,ERX13224662,PRJEB80223,161934,Beta vulgaris,ftp.sra.ebi.ac.uk/vol1/fastq/ERR138/010/ERR13821910/ERR13821910_1.fastq.gz;ftp.sra.ebi.ac.uk/vol1/fastq/ERR138/010/ERR13821910/ERR13821910_2.fastq.gz,ftp.sra.ebi.ac.uk/vol1/run/ERR138/ERR13821910/UK-3126-BMYV-101_S104_L003_R1_001.fastq.gz;ftp.sra.ebi.ac.uk/vol1/run/ERR138/ERR13821910/UK-3126-BMYV-101_S104_L003_R2_001.fastq.gz,ftp.sra.ebi.ac.uk/vol1/err/ERR138/010/ERR13821910/ERR13821910.bam
UK-3126-BMYV-102_S105_L003,/proj/snic2021-23-442/raw_rna_data/all_raw_fastq/UK-3126-BMYV-102_S105_L003_R1_001.fastq.gz,/proj/snic2021-23-442/raw_rna_data/all_raw_fastq/UK-3126-BMYV-102_S105_L003_R2_001.fastq.gz,forward,Sample_UK-3126-BMYV-102,Susceptible,BMYV,Young,21_DAI,Insecticide,3,ERR13821911,SAMEA116105929,ERX13224663,PRJEB80223,161934,Beta vulgaris,ftp.sra.ebi.ac.uk/vol1/fastq/ERR138/011/ERR13821911/ERR13821911_1.fastq.gz;ftp.sra.ebi.ac.uk/vol1/fastq/ERR138/011/ERR13821911/ERR13821911_2.fastq.gz,ftp.sra.ebi.ac.uk/vol1/run/ERR138/ERR13821911/UK-3126-BMYV-102_S105_L003_R1_001.fastq.gz;ftp.sra.ebi.ac.uk/vol1/run/ERR138/ERR13821911/UK-3126-BMYV-102_S105_L003_R2_001.fastq.gz,ftp.sra.ebi.ac.uk/vol1/err/ERR138/011/ERR13821911/ERR13821911.bam
UK-3126-BMYV-103_S106_L003,/proj/snic2021-23-442/raw_rna_data/all_raw_fastq/UK-3126-BMYV-103_S106_L003_R1_001.fastq.gz,/proj/snic2021-23-442/raw_rna_data/all_raw_fastq/UK-3126-BMYV-103_S106_L003_R2_001.fastq.gz,forward,Sample_UK-3126-BMYV-103,Resistant,BMYV,Young,28_DAI,Inoculated,3,ERR13821912,SAMEA116105930,ERX13224664,PRJEB80223,161934,Beta vulgaris,ftp.sra.ebi.ac.uk/vol1/fastq/ERR138/012/ERR13821912/ERR13821912_1.fastq.gz;ftp.sra.ebi.ac.uk/vol1/fastq/ERR138/012/ERR13821912/ERR13821912_2.fastq.gz,ftp.sra.ebi.ac.uk/vol1/run/ERR138/ERR13821912/UK-3126-BMYV-103_S106_L003_R1_001.fastq.gz;ftp.sra.ebi.ac.uk/vol1/run/ERR138/ERR13821912/UK-3126-BMYV-103_S106_L003_R2_001.fastq.gz,ftp.sra.ebi.ac.uk/vol1/err/ERR138/012/ERR13821912/ERR13821912.bam
UK-3126-BMYV-104_S107_L003,/proj/snic2021-23-442/raw_rna_data/all_raw_fastq/UK-3126-BMYV-104_S107_L003_R1_001.fastq.gz,/proj/snic2021-23-442/raw_rna_data/all_raw_fastq/UK-3126-BMYV-104_S107_L003_R2_001.fastq.gz,forward,Sample_UK-3126-BMYV-104,Resistant,BMYV,Young,28_DAI,Inoculated,3,ERR13821913,SAMEA116105931,ERX13224665,PRJEB80223,161934,Beta vulgaris,ftp.sra.ebi.ac.uk/vol1/fastq/ERR138/013/ERR13821913/ERR13821913_1.fastq.gz;ftp.sra.ebi.ac.uk/vol1/fastq/ERR138/013/ERR13821913/ERR13821913_2.fastq.gz,ftp.sra.ebi.ac.uk/vol1/run/ERR138/ERR13821913/UK-3126-BMYV-104_S107_L003_R1_001.fastq.gz;ftp.sra.ebi.ac.uk/vol1/run/ERR138/ERR13821913/UK-3126-BMYV-104_S107_L003_R2_001.fastq.gz,ftp.sra.ebi.ac.uk/vol1/err/ERR138/013/ERR13821913/ERR13821913.bam
UK-3126-BMYV-105_S108_L003,/proj/snic2021-23-442/raw_rna_data/all_raw_fastq/UK-3126-BMYV-105_S108_L003_R1_001.fastq.gz,/proj/snic2021-23-442/raw_rna_data/all_raw_fastq/UK-3126-BMYV-105_S108_L003_R2_001.fastq.gz,forward,Sample_UK-3126-BMYV-105,Resistant,BMYV,Young,28_DAI,Inoculated,3,ERR13821914,SAMEA116105932,ERX13224666,PRJEB80223,161934,Beta vulgaris,ftp.sra.ebi.ac.uk/vol1/fastq/ERR138/014/ERR13821914/ERR13821914_1.fastq.gz;ftp.sra.ebi.ac.uk/vol1/fastq/ERR138/014/ERR13821914/ERR13821914_2.fastq.gz,ftp.sra.ebi.ac.uk/vol1/run/ERR138/ERR13821914/UK-3126-BMYV-105_S108_L003_R1_001.fastq.gz;ftp.sra.ebi.ac.uk/vol1/run/ERR138/ERR13821914/UK-3126-BMYV-105_S108_L003_R2_001.fastq.gz,ftp.sra.ebi.ac.uk/vol1/err/ERR138/014/ERR13821914/ERR13821914.bam
UK-3126-BMYV-106_S109_L003,/proj/snic2021-23-442/raw_rna_data/all_raw_fastq/UK-3126-BMYV-106_S109_L003_R1_001.fastq.gz,/proj/snic2021-23-442/raw_rna_data/all_raw_fastq/UK-3126-BMYV-106_S109_L003_R2_001.fastq.gz,forward,Sample_UK-3126-BMYV-106,Susceptible,BMYV,Young,28_DAI,Inoculated,3,ERR13821915,SAMEA116105933,ERX13224667,PRJEB80223,161934,Beta vulgaris,ftp.sra.ebi.ac.uk/vol1/fastq/ERR138/015/ERR13821915/ERR13821915_1.fastq.gz;ftp.sra.ebi.ac.uk/vol1/fastq/ERR138/015/ERR13821915/ERR13821915_2.fastq.gz,ftp.sra.ebi.ac.uk/vol1/run/ERR138/ERR13821915/UK-3126-BMYV-106_S109_L003_R1_001.fastq.gz;ftp.sra.ebi.ac.uk/vol1/run/ERR138/ERR13821915/UK-3126-BMYV-106_S109_L003_R2_001.fastq.gz,ftp.sra.ebi.ac.uk/vol1/err/ERR138/015/ERR13821915/ERR13821915.bam
UK-3126-BMYV-107_S110_L003,/proj/snic2021-23-442/raw_rna_data/all_raw_fastq/UK-3126-BMYV-107_S110_L003_R1_001.fastq.gz,/proj/snic2021-23-442/raw_rna_data/all_raw_fastq/UK-3126-BMYV-107_S110_L003_R2_001.fastq.gz,forward,Sample_UK-3126-BMYV-107,Susceptible,BMYV,Young,28_DAI,Inoculated,3,ERR13821916,SAMEA116105934,ERX13224668,PRJEB80223,161934,Beta vulgaris,ftp.sra.ebi.ac.uk/vol1/fastq/ERR138/016/ERR13821916/ERR13821916_1.fastq.gz;ftp.sra.ebi.ac.uk/vol1/fastq/ERR138/016/ERR13821916/ERR13821916_2.fastq.gz,ftp.sra.ebi.ac.uk/vol1/run/ERR138/ERR13821916/UK-3126-BMYV-107_S110_L003_R1_001.fastq.gz;ftp.sra.ebi.ac.uk/vol1/run/ERR138/ERR13821916/UK-3126-BMYV-107_S110_L003_R2_001.fastq.gz,ftp.sra.ebi.ac.uk/vol1/err/ERR138/016/ERR13821916/ERR13821916.bam
UK-3126-BMYV-108_S111_L003,/proj/snic2021-23-442/raw_rna_data/all_raw_fastq/UK-3126-BMYV-108_S111_L003_R1_001.fastq.gz,/proj/snic2021-23-442/raw_rna_data/all_raw_fastq/UK-3126-BMYV-108_S111_L003_R2_001.fastq.gz,forward,Sample_UK-3126-BMYV-108,Susceptible,BMYV,Young,28_DAI,Inoculated,3,ERR13821917,SAMEA116105935,ERX13224669,PRJEB80223,161934,Beta vulgaris,ftp.sra.ebi.ac.uk/vol1/fastq/ERR138/017/ERR13821917/ERR13821917_1.fastq.gz;ftp.sra.ebi.ac.uk/vol1/fastq/ERR138/017/ERR13821917/ERR13821917_2.fastq.gz,ftp.sra.ebi.ac.uk/vol1/run/ERR138/ERR13821917/UK-3126-BMYV-108_S111_L003_R1_001.fastq.gz;ftp.sra.ebi.ac.uk/vol1/run/ERR138/ERR13821917/UK-3126-BMYV-108_S111_L003_R2_001.fastq.gz,ftp.sra.ebi.ac.uk/vol1/err/ERR138/017/ERR13821917/ERR13821917.bam
UK-3126-BMYV-109_S112_L003,/proj/snic2021-23-442/raw_rna_data/all_raw_fastq/UK-3126-BMYV-109_S112_L003_R1_001.fastq.gz,/proj/snic2021-23-442/raw_rna_data/all_raw_fastq/UK-3126-BMYV-109_S112_L003_R2_001.fastq.gz,forward,Sample_UK-3126-BMYV-109,Resistant,BMYV,Young,28_DAI,Healthy,3,ERR13821918,SAMEA116105936,ERX13224670,PRJEB80223,161934,Beta vulgaris,ftp.sra.ebi.ac.uk/vol1/fastq/ERR138/018/ERR13821918/ERR13821918_1.fastq.gz;ftp.sra.ebi.ac.uk/vol1/fastq/ERR138/018/ERR13821918/ERR13821918_2.fastq.gz,ftp.sra.ebi.ac.uk/vol1/run/ERR138/ERR13821918/UK-3126-BMYV-109_S112_L003_R1_001.fastq.gz;ftp.sra.ebi.ac.uk/vol1/run/ERR138/ERR13821918/UK-3126-BMYV-109_S112_L003_R2_001.fastq.gz,ftp.sra.ebi.ac.uk/vol1/err/ERR138/018/ERR13821918/ERR13821918.bam
UK-3126-BMYV-11_S180_L004,/proj/snic2021-23-442/raw_rna_data/all_raw_fastq/UK-3126-BMYV-11_S180_L004_R1_001.fastq.gz,/proj/snic2021-23-442/raw_rna_data/all_raw_fastq/UK-3126-BMYV-11_S180_L004_R2_001.fastq.gz,forward,Sample_UK-3126-BMYV-11,Susceptible,BMYV,Old,1_DAI,Inoculated,4,ERR13821930,SAMEA116105948,ERX13224682,PRJEB80223,161934,Beta vulgaris,ftp.sra.ebi.ac.uk/vol1/fastq/ERR138/030/ERR13821930/ERR13821930_1.fastq.gz;ftp.sra.ebi.ac.uk/vol1/fastq/ERR138/030/ERR13821930/ERR13821930_2.fastq.gz,ftp.sra.ebi.ac.uk/vol1/run/ERR138/ERR13821930/UK-3126-BMYV-11_S180_L004_R1_001.fastq.gz;ftp.sra.ebi.ac.uk/vol1/run/ERR138/ERR13821930/UK-3126-BMYV-11_S180_L004_R2_001.fastq.gz,ftp.sra.ebi.ac.uk/vol1/err/ERR138/030/ERR13821930/ERR13821930.bam
UK-3126-BMYV-110_S113_L003,/proj/snic2021-23-442/raw_rna_data/all_raw_fastq/UK-3126-BMYV-110_S113_L003_R1_001.fastq.gz,/proj/snic2021-23-442/raw_rna_data/all_raw_fastq/UK-3126-BMYV-110_S113_L003_R2_001.fastq.gz,forward,Sample_UK-3126-BMYV-110,Resistant,BMYV,Young,28_DAI,Healthy,3,ERR13821920,SAMEA116105938,ERX13224672,PRJEB80223,161934,Beta vulgaris,ftp.sra.ebi.ac.uk/vol1/fastq/ERR138/020/ERR13821920/ERR13821920_1.fastq.gz;ftp.sra.ebi.ac.uk/vol1/fastq/ERR138/020/ERR13821920/ERR13821920_2.fastq.gz,ftp.sra.ebi.ac.uk/vol1/run/ERR138/ERR13821920/UK-3126-BMYV-110_S113_L003_R1_001.fastq.gz;ftp.sra.ebi.ac.uk/vol1/run/ERR138/ERR13821920/UK-3126-BMYV-110_S113_L003_R2_001.fastq.gz,ftp.sra.ebi.ac.uk/vol1/err/ERR138/020/ERR13821920/ERR13821920.bam
UK-3126-BMYV-111_S114_L003,/proj/snic2021-23-442/raw_rna_data/all_raw_fastq/UK-3126-BMYV-111_S114_L003_R1_001.fastq.gz,/proj/snic2021-23-442/raw_rna_data/all_raw_fastq/UK-3126-BMYV-111_S114_L003_R2_001.fastq.gz,forward,Sample_UK-3126-BMYV-111,Resistant,BMYV,Young,28_DAI,Healthy,3,ERR13821921,SAMEA116105939,ERX13224673,PRJEB80223,161934,Beta vulgaris,ftp.sra.ebi.ac.uk/vol1/fastq/ERR138/021/ERR13821921/ERR13821921_1.fastq.gz;ftp.sra.ebi.ac.uk/vol1/fastq/ERR138/021/ERR13821921/ERR13821921_2.fastq.gz,ftp.sra.ebi.ac.uk/vol1/run/ERR138/ERR13821921/UK-3126-BMYV-111_S114_L003_R1_001.fastq.gz;ftp.sra.ebi.ac.uk/vol1/run/ERR138/ERR13821921/UK-3126-BMYV-111_S114_L003_R2_001.fastq.gz,ftp.sra.ebi.ac.uk/vol1/err/ERR138/021/ERR13821921/ERR13821921.bam
UK-3126-BMYV-112_S115_L003,/proj/snic2021-23-442/raw_rna_data/all_raw_fastq/UK-3126-BMYV-112_S115_L003_R1_001.fastq.gz,/proj/snic2021-23-442/raw_rna_data/all_raw_fastq/UK-3126-BMYV-112_S115_L003_R2_001.fastq.gz,forward,Sample_UK-3126-BMYV-112,Susceptible,BMYV,Young,28_DAI,Healthy,3,ERR13821922,SAMEA116105940,ERX13224674,PRJEB80223,161934,Beta vulgaris,ftp.sra.ebi.ac.uk/vol1/fastq/ERR138/022/ERR13821922/ERR13821922_1.fastq.gz;ftp.sra.ebi.ac.uk/vol1/fastq/ERR138/022/ERR13821922/ERR13821922_2.fastq.gz,ftp.sra.ebi.ac.uk/vol1/run/ERR138/ERR13821922/UK-3126-BMYV-112_S115_L003_R1_001.fastq.gz;ftp.sra.ebi.ac.uk/vol1/run/ERR138/ERR13821922/UK-3126-BMYV-112_S115_L003_R2_001.fastq.gz,ftp.sra.ebi.ac.uk/vol1/err/ERR138/022/ERR13821922/ERR13821922.bam
UK-3126-BMYV-113_S116_L003,/proj/snic2021-23-442/raw_rna_data/all_raw_fastq/UK-3126-BMYV-113_S116_L003_R1_001.fastq.gz,/proj/snic2021-23-442/raw_rna_data/all_raw_fastq/UK-3126-BMYV-113_S116_L003_R2_001.fastq.gz,forward,Sample_UK-3126-BMYV-113,Susceptible,BMYV,Young,28_DAI,Healthy,3,ERR13821923,SAMEA116105941,ERX13224675,PRJEB80223,161934,Beta vulgaris,ftp.sra.ebi.ac.uk/vol1/fastq/ERR138/023/ERR13821923/ERR13821923_1.fastq.gz;ftp.sra.ebi.ac.uk/vol1/fastq/ERR138/023/ERR13821923/ERR13821923_2.fastq.gz,ftp.sra.ebi.ac.uk/vol1/run/ERR138/ERR13821923/UK-3126-BMYV-113_S116_L003_R1_001.fastq.gz;ftp.sra.ebi.ac.uk/vol1/run/ERR138/ERR13821923/UK-3126-BMYV-113_S116_L003_R2_001.fastq.gz,ftp.sra.ebi.ac.uk/vol1/err/ERR138/023/ERR13821923/ERR13821923.bam
UK-3126-BMYV-114_S117_L003,/proj/snic2021-23-442/raw_rna_data/all_raw_fastq/UK-3126-BMYV-114_S117_L003_R1_001.fastq.gz,/proj/snic2021-23-442/raw_rna_data/all_raw_fastq/UK-3126-BMYV-114_S117_L003_R2_001.fastq.gz,forward,Sample_UK-3126-BMYV-114,Susceptible,BMYV,Young,28_DAI,Healthy,3,ERR13821924,SAMEA116105942,ERX13224676,PRJEB80223,161934,Beta vulgaris,ftp.sra.ebi.ac.uk/vol1/fastq/ERR138/024/ERR13821924/ERR13821924_1.fastq.gz;ftp.sra.ebi.ac.uk/vol1/fastq/ERR138/024/ERR13821924/ERR13821924_2.fastq.gz,ftp.sra.ebi.ac.uk/vol1/run/ERR138/ERR13821924/UK-3126-BMYV-114_S117_L003_R1_001.fastq.gz;ftp.sra.ebi.ac.uk/vol1/run/ERR138/ERR13821924/UK-3126-BMYV-114_S117_L003_R2_001.fastq.gz,ftp.sra.ebi.ac.uk/vol1/err/ERR138/024/ERR13821924/ERR13821924.bam
UK-3126-BMYV-115_S118_L003,/proj/snic2021-23-442/raw_rna_data/all_raw_fastq/UK-3126-BMYV-115_S118_L003_R1_001.fastq.gz,/proj/snic2021-23-442/raw_rna_data/all_raw_fastq/UK-3126-BMYV-115_S118_L003_R2_001.fastq.gz,forward,Sample_UK-3126-BMYV-115,Resistant,BMYV,Young,28_DAI,Insecticide,3,ERR13821925,SAMEA116105943,ERX13224677,PRJEB80223,161934,Beta vulgaris,ftp.sra.ebi.ac.uk/vol1/fastq/ERR138/025/ERR13821925/ERR13821925_1.fastq.gz;ftp.sra.ebi.ac.uk/vol1/fastq/ERR138/025/ERR13821925/ERR13821925_2.fastq.gz,ftp.sra.ebi.ac.uk/vol1/run/ERR138/ERR13821925/UK-3126-BMYV-115_S118_L003_R1_001.fastq.gz;ftp.sra.ebi.ac.uk/vol1/run/ERR138/ERR13821925/UK-3126-BMYV-115_S118_L003_R2_001.fastq.gz,ftp.sra.ebi.ac.uk/vol1/err/ERR138/025/ERR13821925/ERR13821925.bam
UK-3126-BMYV-116_S119_L003,/proj/snic2021-23-442/raw_rna_data/all_raw_fastq/UK-3126-BMYV-116_S119_L003_R1_001.fastq.gz,/proj/snic2021-23-442/raw_rna_data/all_raw_fastq/UK-3126-BMYV-116_S119_L003_R2_001.fastq.gz,forward,Sample_UK-3126-BMYV-116,Resistant,BMYV,Young,28_DAI,Insecticide,3,ERR13821926,SAMEA116105944,ERX13224678,PRJEB80223,161934,Beta vulgaris,ftp.sra.ebi.ac.uk/vol1/fastq/ERR138/026/ERR13821926/ERR13821926_1.fastq.gz;ftp.sra.ebi.ac.uk/vol1/fastq/ERR138/026/ERR13821926/ERR13821926_2.fastq.gz,ftp.sra.ebi.ac.uk/vol1/run/ERR138/ERR13821926/UK-3126-BMYV-116_S119_L003_R1_001.fastq.gz;ftp.sra.ebi.ac.uk/vol1/run/ERR138/ERR13821926/UK-3126-BMYV-116_S119_L003_R2_001.fastq.gz,ftp.sra.ebi.ac.uk/vol1/err/ERR138/026/ERR13821926/ERR13821926.bam
UK-3126-BMYV-117_S120_L003,/proj/snic2021-23-442/raw_rna_data/all_raw_fastq/UK-3126-BMYV-117_S120_L003_R1_001.fastq.gz,/proj/snic2021-23-442/raw_rna_data/all_raw_fastq/UK-3126-BMYV-117_S120_L003_R2_001.fastq.gz,forward,Sample_UK-3126-BMYV-117,Resistant,BMYV,Young,28_DAI,Insecticide,3,ERR13821927,SAMEA116105945,ERX13224679,PRJEB80223,161934,Beta vulgaris,ftp.sra.ebi.ac.uk/vol1/fastq/ERR138/027/ERR13821927/ERR13821927_1.fastq.gz;ftp.sra.ebi.ac.uk/vol1/fastq/ERR138/027/ERR13821927/ERR13821927_2.fastq.gz,ftp.sra.ebi.ac.uk/vol1/run/ERR138/ERR13821927/UK-3126-BMYV-117_S120_L003_R1_001.fastq.gz;ftp.sra.ebi.ac.uk/vol1/run/ERR138/ERR13821927/UK-3126-BMYV-117_S120_L003_R2_001.fastq.gz,ftp.sra.ebi.ac.uk/vol1/err/ERR138/027/ERR13821927/ERR13821927.bam
UK-3126-BMYV-118_S121_L003,/proj/snic2021-23-442/raw_rna_data/all_raw_fastq/UK-3126-BMYV-118_S121_L003_R1_001.fastq.gz,/proj/snic2021-23-442/raw_rna_data/all_raw_fastq/UK-3126-BMYV-118_S121_L003_R2_001.fastq.gz,forward,Sample_UK-3126-BMYV-118,Susceptible,BMYV,Young,28_DAI,Insecticide,3,ERR13821928,SAMEA116105946,ERX13224680,PRJEB80223,161934,Beta vulgaris,ftp.sra.ebi.ac.uk/vol1/fastq/ERR138/028/ERR13821928/ERR13821928_1.fastq.gz;ftp.sra.ebi.ac.uk/vol1/fastq/ERR138/028/ERR13821928/ERR13821928_2.fastq.gz,ftp.sra.ebi.ac.uk/vol1/run/ERR138/ERR13821928/UK-3126-BMYV-118_S121_L003_R1_001.fastq.gz;ftp.sra.ebi.ac.uk/vol1/run/ERR138/ERR13821928/UK-3126-BMYV-118_S121_L003_R2_001.fastq.gz,ftp.sra.ebi.ac.uk/vol1/err/ERR138/028/ERR13821928/ERR13821928.bam
UK-3126-BMYV-119_S122_L003,/proj/snic2021-23-442/raw_rna_data/all_raw_fastq/UK-3126-BMYV-119_S122_L003_R1_001.fastq.gz,/proj/snic2021-23-442/raw_rna_data/all_raw_fastq/UK-3126-BMYV-119_S122_L003_R2_001.fastq.gz,forward,Sample_UK-3126-BMYV-119,Susceptible,BMYV,Young,28_DAI,Insecticide,3,ERR13821929,SAMEA116105947,ERX13224681,PRJEB80223,161934,Beta vulgaris,ftp.sra.ebi.ac.uk/vol1/fastq/ERR138/029/ERR13821929/ERR13821929_1.fastq.gz;ftp.sra.ebi.ac.uk/vol1/fastq/ERR138/029/ERR13821929/ERR13821929_2.fastq.gz,ftp.sra.ebi.ac.uk/vol1/run/ERR138/ERR13821929/UK-3126-BMYV-119_S122_L003_R1_001.fastq.gz;ftp.sra.ebi.ac.uk/vol1/run/ERR138/ERR13821929/UK-3126-BMYV-119_S122_L003_R2_001.fastq.gz,ftp.sra.ebi.ac.uk/vol1/err/ERR138/029/ERR13821929/ERR13821929.bam
UK-3126-BMYV-12_S181_L004,/proj/snic2021-23-442/raw_rna_data/all_raw_fastq/UK-3126-BMYV-12_S181_L004_R1_001.fastq.gz,/proj/snic2021-23-442/raw_rna_data/all_raw_fastq/UK-3126-BMYV-12_S181_L004_R2_001.fastq.gz,forward,Sample_UK-3126-BMYV-12,Susceptible,BMYV,Old,1_DAI,Inoculated,4,ERR13821932,SAMEA116105950,ERX13224684,PRJEB80223,161934,Beta vulgaris,ftp.sra.ebi.ac.uk/vol1/fastq/ERR138/032/ERR13821932/ERR13821932_1.fastq.gz;ftp.sra.ebi.ac.uk/vol1/fastq/ERR138/032/ERR13821932/ERR13821932_2.fastq.gz,ftp.sra.ebi.ac.uk/vol1/run/ERR138/ERR13821932/UK-3126-BMYV-12_S181_L004_R1_001.fastq.gz;ftp.sra.ebi.ac.uk/vol1/run/ERR138/ERR13821932/UK-3126-BMYV-12_S181_L004_R2_001.fastq.gz,ftp.sra.ebi.ac.uk/vol1/err/ERR138/032/ERR13821932/ERR13821932.bam
UK-3126-BMYV-120_S123_L003,/proj/snic2021-23-442/raw_rna_data/all_raw_fastq/UK-3126-BMYV-120_S123_L003_R1_001.fastq.gz,/proj/snic2021-23-442/raw_rna_data/all_raw_fastq/UK-3126-BMYV-120_S123_L003_R2_001.fastq.gz,forward,Sample_UK-3126-BMYV-120,Susceptible,BMYV,Young,28_DAI,Insecticide,3,ERR13821931,SAMEA116105949,ERX13224683,PRJEB80223,161934,Beta vulgaris,ftp.sra.ebi.ac.uk/vol1/fastq/ERR138/031/ERR13821931/ERR13821931_1.fastq.gz;ftp.sra.ebi.ac.uk/vol1/fastq/ERR138/031/ERR13821931/ERR13821931_2.fastq.gz,ftp.sra.ebi.ac.uk/vol1/run/ERR138/ERR13821931/UK-3126-BMYV-120_S123_L003_R1_001.fastq.gz;ftp.sra.ebi.ac.uk/vol1/run/ERR138/ERR13821931/UK-3126-BMYV-120_S123_L003_R2_001.fastq.gz,ftp.sra.ebi.ac.uk/vol1/err/ERR138/031/ERR13821931/ERR13821931.bam
UK-3126-BMYV-13_S182_L004,/proj/snic2021-23-442/raw_rna_data/all_raw_fastq/UK-3126-BMYV-13_S182_L004_R1_001.fastq.gz,/proj/snic2021-23-442/raw_rna_data/all_raw_fastq/UK-3126-BMYV-13_S182_L004_R2_001.fastq.gz,forward,Sample_UK-3126-BMYV-13,Resistant,BMYV,Old,1_DAI,Healthy,4,ERR13821933,SAMEA116105951,ERX13224685,PRJEB80223,161934,Beta vulgaris,ftp.sra.ebi.ac.uk/vol1/fastq/ERR138/033/ERR13821933/ERR13821933_1.fastq.gz;ftp.sra.ebi.ac.uk/vol1/fastq/ERR138/033/ERR13821933/ERR13821933_2.fastq.gz,ftp.sra.ebi.ac.uk/vol1/run/ERR138/ERR13821933/UK-3126-BMYV-13_S182_L004_R1_001.fastq.gz;ftp.sra.ebi.ac.uk/vol1/run/ERR138/ERR13821933/UK-3126-BMYV-13_S182_L004_R2_001.fastq.gz,ftp.sra.ebi.ac.uk/vol1/err/ERR138/033/ERR13821933/ERR13821933.bam
UK-3126-BMYV-14_S183_L004,/proj/snic2021-23-442/raw_rna_data/all_raw_fastq/UK-3126-BMYV-14_S183_L004_R1_001.fastq.gz,/proj/snic2021-23-442/raw_rna_data/all_raw_fastq/UK-3126-BMYV-14_S183_L004_R2_001.fastq.gz,forward,Sample_UK-3126-BMYV-14,Resistant,BMYV,Old,1_DAI,Healthy,4,ERR13821934,SAMEA116105952,ERX13224686,PRJEB80223,161934,Beta vulgaris,ftp.sra.ebi.ac.uk/vol1/fastq/ERR138/034/ERR13821934/ERR13821934_1.fastq.gz;ftp.sra.ebi.ac.uk/vol1/fastq/ERR138/034/ERR13821934/ERR13821934_2.fastq.gz,ftp.sra.ebi.ac.uk/vol1/run/ERR138/ERR13821934/UK-3126-BMYV-14_S183_L004_R1_001.fastq.gz;ftp.sra.ebi.ac.uk/vol1/run/ERR138/ERR13821934/UK-3126-BMYV-14_S183_L004_R2_001.fastq.gz,ftp.sra.ebi.ac.uk/vol1/err/ERR138/034/ERR13821934/ERR13821934.bam
UK-3126-BMYV-15_S184_L004,/proj/snic2021-23-442/raw_rna_data/all_raw_fastq/UK-3126-BMYV-15_S184_L004_R1_001.fastq.gz,/proj/snic2021-23-442/raw_rna_data/all_raw_fastq/UK-3126-BMYV-15_S184_L004_R2_001.fastq.gz,forward,Sample_UK-3126-BMYV-15,Resistant,BMYV,Old,1_DAI,Healthy,4,ERR13821935,SAMEA116105953,ERX13224687,PRJEB80223,161934,Beta vulgaris,ftp.sra.ebi.ac.uk/vol1/fastq/ERR138/035/ERR13821935/ERR13821935_1.fastq.gz;ftp.sra.ebi.ac.uk/vol1/fastq/ERR138/035/ERR13821935/ERR13821935_2.fastq.gz,ftp.sra.ebi.ac.uk/vol1/run/ERR138/ERR13821935/UK-3126-BMYV-15_S184_L004_R1_001.fastq.gz;ftp.sra.ebi.ac.uk/vol1/run/ERR138/ERR13821935/UK-3126-BMYV-15_S184_L004_R2_001.fastq.gz,ftp.sra.ebi.ac.uk/vol1/err/ERR138/035/ERR13821935/ERR13821935.bam
UK-3126-BMYV-16_S185_L004,/proj/snic2021-23-442/raw_rna_data/all_raw_fastq/UK-3126-BMYV-16_S185_L004_R1_001.fastq.gz,/proj/snic2021-23-442/raw_rna_data/all_raw_fastq/UK-3126-BMYV-16_S185_L004_R2_001.fastq.gz,forward,Sample_UK-3126-BMYV-16,Susceptible,BMYV,Old,1_DAI,Healthy,4,ERR13821936,SAMEA116105954,ERX13224688,PRJEB80223,161934,Beta vulgaris,ftp.sra.ebi.ac.uk/vol1/fastq/ERR138/036/ERR13821936/ERR13821936_1.fastq.gz;ftp.sra.ebi.ac.uk/vol1/fastq/ERR138/036/ERR13821936/ERR13821936_2.fastq.gz,ftp.sra.ebi.ac.uk/vol1/run/ERR138/ERR13821936/UK-3126-BMYV-16_S185_L004_R1_001.fastq.gz;ftp.sra.ebi.ac.uk/vol1/run/ERR138/ERR13821936/UK-3126-BMYV-16_S185_L004_R2_001.fastq.gz,ftp.sra.ebi.ac.uk/vol1/err/ERR138/036/ERR13821936/ERR13821936.bam
UK-3126-BMYV-17_S186_L004,/proj/snic2021-23-442/raw_rna_data/all_raw_fastq/UK-3126-BMYV-17_S186_L004_R1_001.fastq.gz,/proj/snic2021-23-442/raw_rna_data/all_raw_fastq/UK-3126-BMYV-17_S186_L004_R2_001.fastq.gz,forward,Sample_UK-3126-BMYV-17,Susceptible,BMYV,Old,1_DAI,Healthy,4,ERR13821937,SAMEA116105955,ERX13224689,PRJEB80223,161934,Beta vulgaris,ftp.sra.ebi.ac.uk/vol1/fastq/ERR138/037/ERR13821937/ERR13821937_1.fastq.gz;ftp.sra.ebi.ac.uk/vol1/fastq/ERR138/037/ERR13821937/ERR13821937_2.fastq.gz,ftp.sra.ebi.ac.uk/vol1/run/ERR138/ERR13821937/UK-3126-BMYV-17_S186_L004_R1_001.fastq.gz;ftp.sra.ebi.ac.uk/vol1/run/ERR138/ERR13821937/UK-3126-BMYV-17_S186_L004_R2_001.fastq.gz,ftp.sra.ebi.ac.uk/vol1/err/ERR138/037/ERR13821937/ERR13821937.bam
UK-3126-BMYV-18_S187_L004,/proj/snic2021-23-442/raw_rna_data/all_raw_fastq/UK-3126-BMYV-18_S187_L004_R1_001.fastq.gz,/proj/snic2021-23-442/raw_rna_data/all_raw_fastq/UK-3126-BMYV-18_S187_L004_R2_001.fastq.gz,forward,Sample_UK-3126-BMYV-18,Susceptible,BMYV,Old,1_DAI,Healthy,4,ERR13821938,SAMEA116105956,ERX13224690,PRJEB80223,161934,Beta vulgaris,ftp.sra.ebi.ac.uk/vol1/fastq/ERR138/038/ERR13821938/ERR13821938_1.fastq.gz;ftp.sra.ebi.ac.uk/vol1/fastq/ERR138/038/ERR13821938/ERR13821938_2.fastq.gz,ftp.sra.ebi.ac.uk/vol1/run/ERR138/ERR13821938/UK-3126-BMYV-18_S187_L004_R1_001.fastq.gz;ftp.sra.ebi.ac.uk/vol1/run/ERR138/ERR13821938/UK-3126-BMYV-18_S187_L004_R2_001.fastq.gz,ftp.sra.ebi.ac.uk/vol1/err/ERR138/038/ERR13821938/ERR13821938.bam
UK-3126-BMYV-19_S188_L004,/proj/snic2021-23-442/raw_rna_data/all_raw_fastq/UK-3126-BMYV-19_S188_L004_R1_001.fastq.gz,/proj/snic2021-23-442/raw_rna_data/all_raw_fastq/UK-3126-BMYV-19_S188_L004_R2_001.fastq.gz,forward,Sample_UK-3126-BMYV-19,Resistant,BMYV,Old,4_DAI,Inoculated,4,ERR13821939,SAMEA116105957,ERX13224691,PRJEB80223,161934,Beta vulgaris,ftp.sra.ebi.ac.uk/vol1/fastq/ERR138/039/ERR13821939/ERR13821939_1.fastq.gz;ftp.sra.ebi.ac.uk/vol1/fastq/ERR138/039/ERR13821939/ERR13821939_2.fastq.gz,ftp.sra.ebi.ac.uk/vol1/run/ERR138/ERR13821939/UK-3126-BMYV-19_S188_L004_R1_001.fastq.gz;ftp.sra.ebi.ac.uk/vol1/run/ERR138/ERR13821939/UK-3126-BMYV-19_S188_L004_R2_001.fastq.gz,ftp.sra.ebi.ac.uk/vol1/err/ERR138/039/ERR13821939/ERR13821939.bam
UK-3126-BMYV-20_S189_L004,/proj/snic2021-23-442/raw_rna_data/all_raw_fastq/UK-3126-BMYV-20_S189_L004_R1_001.fastq.gz,/proj/snic2021-23-442/raw_rna_data/all_raw_fastq/UK-3126-BMYV-20_S189_L004_R2_001.fastq.gz,forward,Sample_UK-3126-BMYV-20,Resistant,BMYV,Old,4_DAI,Inoculated,4,ERR13821940,SAMEA116105958,ERX13224692,PRJEB80223,161934,Beta vulgaris,ftp.sra.ebi.ac.uk/vol1/fastq/ERR138/040/ERR13821940/ERR13821940_1.fastq.gz;ftp.sra.ebi.ac.uk/vol1/fastq/ERR138/040/ERR13821940/ERR13821940_2.fastq.gz,ftp.sra.ebi.ac.uk/vol1/run/ERR138/ERR13821940/UK-3126-BMYV-20_S189_L004_R1_001.fastq.gz;ftp.sra.ebi.ac.uk/vol1/run/ERR138/ERR13821940/UK-3126-BMYV-20_S189_L004_R2_001.fastq.gz,ftp.sra.ebi.ac.uk/vol1/err/ERR138/040/ERR13821940/ERR13821940.bam
UK-3126-BMYV-21_S190_L004,/proj/snic2021-23-442/raw_rna_data/all_raw_fastq/UK-3126-BMYV-21_S190_L004_R1_001.fastq.gz,/proj/snic2021-23-442/raw_rna_data/all_raw_fastq/UK-3126-BMYV-21_S190_L004_R2_001.fastq.gz,forward,Sample_UK-3126-BMYV-21,Resistant,BMYV,Old,4_DAI,Inoculated,4,ERR13821941,SAMEA116105959,ERX13224693,PRJEB80223,161934,Beta vulgaris,ftp.sra.ebi.ac.uk/vol1/fastq/ERR138/041/ERR13821941/ERR13821941_1.fastq.gz;ftp.sra.ebi.ac.uk/vol1/fastq/ERR138/041/ERR13821941/ERR13821941_2.fastq.gz,ftp.sra.ebi.ac.uk/vol1/run/ERR138/ERR13821941/UK-3126-BMYV-21_S190_L004_R1_001.fastq.gz;ftp.sra.ebi.ac.uk/vol1/run/ERR138/ERR13821941/UK-3126-BMYV-21_S190_L004_R2_001.fastq.gz,ftp.sra.ebi.ac.uk/vol1/err/ERR138/041/ERR13821941/ERR13821941.bam
UK-3126-BMYV-22_S191_L004,/proj/snic2021-23-442/raw_rna_data/all_raw_fastq/UK-3126-BMYV-22_S191_L004_R1_001.fastq.gz,/proj/snic2021-23-442/raw_rna_data/all_raw_fastq/UK-3126-BMYV-22_S191_L004_R2_001.fastq.gz,forward,Sample_UK-3126-BMYV-22,Susceptible,BMYV,Old,4_DAI,Inoculated,4,ERR13821942,SAMEA116105960,ERX13224694,PRJEB80223,161934,Beta vulgaris,ftp.sra.ebi.ac.uk/vol1/fastq/ERR138/042/ERR13821942/ERR13821942_1.fastq.gz;ftp.sra.ebi.ac.uk/vol1/fastq/ERR138/042/ERR13821942/ERR13821942_2.fastq.gz,ftp.sra.ebi.ac.uk/vol1/run/ERR138/ERR13821942/UK-3126-BMYV-22_S191_L004_R1_001.fastq.gz;ftp.sra.ebi.ac.uk/vol1/run/ERR138/ERR13821942/UK-3126-BMYV-22_S191_L004_R2_001.fastq.gz,ftp.sra.ebi.ac.uk/vol1/err/ERR138/042/ERR13821942/ERR13821942.bam
UK-3126-BMYV-23_S192_L004,/proj/snic2021-23-442/raw_rna_data/all_raw_fastq/UK-3126-BMYV-23_S192_L004_R1_001.fastq.gz,/proj/snic2021-23-442/raw_rna_data/all_raw_fastq/UK-3126-BMYV-23_S192_L004_R2_001.fastq.gz,forward,Sample_UK-3126-BMYV-23,Susceptible,BMYV,Old,4_DAI,Inoculated,4,ERR13821943,SAMEA116105961,ERX13224695,PRJEB80223,161934,Beta vulgaris,ftp.sra.ebi.ac.uk/vol1/fastq/ERR138/043/ERR13821943/ERR13821943_1.fastq.gz;ftp.sra.ebi.ac.uk/vol1/fastq/ERR138/043/ERR13821943/ERR13821943_2.fastq.gz,ftp.sra.ebi.ac.uk/vol1/run/ERR138/ERR13821943/UK-3126-BMYV-23_S192_L004_R1_001.fastq.gz;ftp.sra.ebi.ac.uk/vol1/run/ERR138/ERR13821943/UK-3126-BMYV-23_S192_L004_R2_001.fastq.gz,ftp.sra.ebi.ac.uk/vol1/err/ERR138/043/ERR13821943/ERR13821943.bam
UK-3126-BMYV-24_S193_L004,/proj/snic2021-23-442/raw_rna_data/all_raw_fastq/UK-3126-BMYV-24_S193_L004_R1_001.fastq.gz,/proj/snic2021-23-442/raw_rna_data/all_raw_fastq/UK-3126-BMYV-24_S193_L004_R2_001.fastq.gz,forward,Sample_UK-3126-BMYV-24,Susceptible,BMYV,Old,4_DAI,Inoculated,4,ERR13821944,SAMEA116105962,ERX13224696,PRJEB80223,161934,Beta vulgaris,ftp.sra.ebi.ac.uk/vol1/fastq/ERR138/044/ERR13821944/ERR13821944_1.fastq.gz;ftp.sra.ebi.ac.uk/vol1/fastq/ERR138/044/ERR13821944/ERR13821944_2.fastq.gz,ftp.sra.ebi.ac.uk/vol1/run/ERR138/ERR13821944/UK-3126-BMYV-24_S193_L004_R1_001.fastq.gz;ftp.sra.ebi.ac.uk/vol1/run/ERR138/ERR13821944/UK-3126-BMYV-24_S193_L004_R2_001.fastq.gz,ftp.sra.ebi.ac.uk/vol1/err/ERR138/044/ERR13821944/ERR13821944.bam
UK-3126-BMYV-25_S194_L004,/proj/snic2021-23-442/raw_rna_data/all_raw_fastq/UK-3126-BMYV-25_S194_L004_R1_001.fastq.gz,/proj/snic2021-23-442/raw_rna_data/all_raw_fastq/UK-3126-BMYV-25_S194_L004_R2_001.fastq.gz,forward,Sample_UK-3126-BMYV-25,Resistant,BMYV,Old,4_DAI,Healthy,4,ERR13821945,SAMEA116105963,ERX13224697,PRJEB80223,161934,Beta vulgaris,ftp.sra.ebi.ac.uk/vol1/fastq/ERR138/045/ERR13821945/ERR13821945_1.fastq.gz;ftp.sra.ebi.ac.uk/vol1/fastq/ERR138/045/ERR13821945/ERR13821945_2.fastq.gz,ftp.sra.ebi.ac.uk/vol1/run/ERR138/ERR13821945/UK-3126-BMYV-25_S194_L004_R1_001.fastq.gz;ftp.sra.ebi.ac.uk/vol1/run/ERR138/ERR13821945/UK-3126-BMYV-25_S194_L004_R2_001.fastq.gz,ftp.sra.ebi.ac.uk/vol1/err/ERR138/045/ERR13821945/ERR13821945.bam
UK-3126-BMYV-26_S195_L004,/proj/snic2021-23-442/raw_rna_data/all_raw_fastq/UK-3126-BMYV-26_S195_L004_R1_001.fastq.gz,/proj/snic2021-23-442/raw_rna_data/all_raw_fastq/UK-3126-BMYV-26_S195_L004_R2_001.fastq.gz,forward,Sample_UK-3126-BMYV-26,Resistant,BMYV,Old,4_DAI,Healthy,4,ERR13821946,SAMEA116105964,ERX13224698,PRJEB80223,161934,Beta vulgaris,ftp.sra.ebi.ac.uk/vol1/fastq/ERR138/046/ERR13821946/ERR13821946_1.fastq.gz;ftp.sra.ebi.ac.uk/vol1/fastq/ERR138/046/ERR13821946/ERR13821946_2.fastq.gz,ftp.sra.ebi.ac.uk/vol1/run/ERR138/ERR13821946/UK-3126-BMYV-26_S195_L004_R1_001.fastq.gz;ftp.sra.ebi.ac.uk/vol1/run/ERR138/ERR13821946/UK-3126-BMYV-26_S195_L004_R2_001.fastq.gz,ftp.sra.ebi.ac.uk/vol1/err/ERR138/046/ERR13821946/ERR13821946.bam
UK-3126-BMYV-27_S196_L004,/proj/snic2021-23-442/raw_rna_data/all_raw_fastq/UK-3126-BMYV-27_S196_L004_R1_001.fastq.gz,/proj/snic2021-23-442/raw_rna_data/all_raw_fastq/UK-3126-BMYV-27_S196_L004_R2_001.fastq.gz,forward,Sample_UK-3126-BMYV-27,Resistant,BMYV,Old,4_DAI,Healthy,4,ERR13821947,SAMEA116105965,ERX13224699,PRJEB80223,161934,Beta vulgaris,ftp.sra.ebi.ac.uk/vol1/fastq/ERR138/047/ERR13821947/ERR13821947_1.fastq.gz;ftp.sra.ebi.ac.uk/vol1/fastq/ERR138/047/ERR13821947/ERR13821947_2.fastq.gz,ftp.sra.ebi.ac.uk/vol1/run/ERR138/ERR13821947/UK-3126-BMYV-27_S196_L004_R1_001.fastq.gz;ftp.sra.ebi.ac.uk/vol1/run/ERR138/ERR13821947/UK-3126-BMYV-27_S196_L004_R2_001.fastq.gz,ftp.sra.ebi.ac.uk/vol1/err/ERR138/047/ERR13821947/ERR13821947.bam
UK-3126-BMYV-28_S197_L004,/proj/snic2021-23-442/raw_rna_data/all_raw_fastq/UK-3126-BMYV-28_S197_L004_R1_001.fastq.gz,/proj/snic2021-23-442/raw_rna_data/all_raw_fastq/UK-3126-BMYV-28_S197_L004_R2_001.fastq.gz,forward,Sample_UK-3126-BMYV-28,Susceptible,BMYV,Old,4_DAI,Healthy,4,ERR13821948,SAMEA116105966,ERX13224700,PRJEB80223,161934,Beta vulgaris,ftp.sra.ebi.ac.uk/vol1/fastq/ERR138/048/ERR13821948/ERR13821948_1.fastq.gz;ftp.sra.ebi.ac.uk/vol1/fastq/ERR138/048/ERR13821948/ERR13821948_2.fastq.gz,ftp.sra.ebi.ac.uk/vol1/run/ERR138/ERR13821948/UK-3126-BMYV-28_S197_L004_R1_001.fastq.gz;ftp.sra.ebi.ac.uk/vol1/run/ERR138/ERR13821948/UK-3126-BMYV-28_S197_L004_R2_001.fastq.gz,ftp.sra.ebi.ac.uk/vol1/err/ERR138/048/ERR13821948/ERR13821948.bam
UK-3126-BMYV-29_S198_L004,/proj/snic2021-23-442/raw_rna_data/all_raw_fastq/UK-3126-BMYV-29_S198_L004_R1_001.fastq.gz,/proj/snic2021-23-442/raw_rna_data/all_raw_fastq/UK-3126-BMYV-29_S198_L004_R2_001.fastq.gz,forward,Sample_UK-3126-BMYV-29,Susceptible,BMYV,Old,4_DAI,Healthy,4,ERR13821949,SAMEA116105967,ERX13224701,PRJEB80223,161934,Beta vulgaris,ftp.sra.ebi.ac.uk/vol1/fastq/ERR138/049/ERR13821949/ERR13821949_1.fastq.gz;ftp.sra.ebi.ac.uk/vol1/fastq/ERR138/049/ERR13821949/ERR13821949_2.fastq.gz,ftp.sra.ebi.ac.uk/vol1/run/ERR138/ERR13821949/UK-3126-BMYV-29_S198_L004_R1_001.fastq.gz;ftp.sra.ebi.ac.uk/vol1/run/ERR138/ERR13821949/UK-3126-BMYV-29_S198_L004_R2_001.fastq.gz,ftp.sra.ebi.ac.uk/vol1/err/ERR138/049/ERR13821949/ERR13821949.bam
UK-3126-BMYV-30_S199_L004,/proj/snic2021-23-442/raw_rna_data/all_raw_fastq/UK-3126-BMYV-30_S199_L004_R1_001.fastq.gz,/proj/snic2021-23-442/raw_rna_data/all_raw_fastq/UK-3126-BMYV-30_S199_L004_R2_001.fastq.gz,forward,Sample_UK-3126-BMYV-30,Susceptible,BMYV,Old,4_DAI,Healthy,4,ERR13821950,SAMEA116105968,ERX13224702,PRJEB80223,161934,Beta vulgaris,ftp.sra.ebi.ac.uk/vol1/fastq/ERR138/050/ERR13821950/ERR13821950_1.fastq.gz;ftp.sra.ebi.ac.uk/vol1/fastq/ERR138/050/ERR13821950/ERR13821950_2.fastq.gz,ftp.sra.ebi.ac.uk/vol1/run/ERR138/ERR13821950/UK-3126-BMYV-30_S199_L004_R1_001.fastq.gz;ftp.sra.ebi.ac.uk/vol1/run/ERR138/ERR13821950/UK-3126-BMYV-30_S199_L004_R2_001.fastq.gz,ftp.sra.ebi.ac.uk/vol1/err/ERR138/050/ERR13821950/ERR13821950.bam
UK-3126-BMYV-31_S200_L004,/proj/snic2021-23-442/raw_rna_data/all_raw_fastq/UK-3126-BMYV-31_S200_L004_R1_001.fastq.gz,/proj/snic2021-23-442/raw_rna_data/all_raw_fastq/UK-3126-BMYV-31_S200_L004_R2_001.fastq.gz,forward,Sample_UK-3126-BMYV-31,Resistant,BMYV,Old,14_DAI,Inoculated,4,ERR13821951,SAMEA116105969,ERX13224703,PRJEB80223,161934,Beta vulgaris,ftp.sra.ebi.ac.uk/vol1/fastq/ERR138/051/ERR13821951/ERR13821951_1.fastq.gz;ftp.sra.ebi.ac.uk/vol1/fastq/ERR138/051/ERR13821951/ERR13821951_2.fastq.gz,ftp.sra.ebi.ac.uk/vol1/run/ERR138/ERR13821951/UK-3126-BMYV-31_S200_L004_R1_001.fastq.gz;ftp.sra.ebi.ac.uk/vol1/run/ERR138/ERR13821951/UK-3126-BMYV-31_S200_L004_R2_001.fastq.gz,ftp.sra.ebi.ac.uk/vol1/err/ERR138/051/ERR13821951/ERR13821951.bam
UK-3126-BMYV-32_S201_L004,/proj/snic2021-23-442/raw_rna_data/all_raw_fastq/UK-3126-BMYV-32_S201_L004_R1_001.fastq.gz,/proj/snic2021-23-442/raw_rna_data/all_raw_fastq/UK-3126-BMYV-32_S201_L004_R2_001.fastq.gz,forward,Sample_UK-3126-BMYV-32,Resistant,BMYV,Young,14_DAI,Inoculated,4,ERR13821952,SAMEA116105970,ERX13224704,PRJEB80223,161934,Beta vulgaris,ftp.sra.ebi.ac.uk/vol1/fastq/ERR138/052/ERR13821952/ERR13821952_1.fastq.gz;ftp.sra.ebi.ac.uk/vol1/fastq/ERR138/052/ERR13821952/ERR13821952_2.fastq.gz,ftp.sra.ebi.ac.uk/vol1/run/ERR138/ERR13821952/UK-3126-BMYV-32_S201_L004_R1_001.fastq.gz;ftp.sra.ebi.ac.uk/vol1/run/ERR138/ERR13821952/UK-3126-BMYV-32_S201_L004_R2_001.fastq.gz,ftp.sra.ebi.ac.uk/vol1/err/ERR138/052/ERR13821952/ERR13821952.bam
UK-3126-BMYV-33_S202_L004,/proj/snic2021-23-442/raw_rna_data/all_raw_fastq/UK-3126-BMYV-33_S202_L004_R1_001.fastq.gz,/proj/snic2021-23-442/raw_rna_data/all_raw_fastq/UK-3126-BMYV-33_S202_L004_R2_001.fastq.gz,forward,Sample_UK-3126-BMYV-33,Resistant,BMYV,Old,14_DAI,Inoculated,4,ERR13821953,SAMEA116105971,ERX13224705,PRJEB80223,161934,Beta vulgaris,ftp.sra.ebi.ac.uk/vol1/fastq/ERR138/053/ERR13821953/ERR13821953_1.fastq.gz;ftp.sra.ebi.ac.uk/vol1/fastq/ERR138/053/ERR13821953/ERR13821953_2.fastq.gz,ftp.sra.ebi.ac.uk/vol1/run/ERR138/ERR13821953/UK-3126-BMYV-33_S202_L004_R1_001.fastq.gz;ftp.sra.ebi.ac.uk/vol1/run/ERR138/ERR13821953/UK-3126-BMYV-33_S202_L004_R2_001.fastq.gz,ftp.sra.ebi.ac.uk/vol1/err/ERR138/053/ERR13821953/ERR13821953.bam
UK-3126-BMYV-34_S203_L004,/proj/snic2021-23-442/raw_rna_data/all_raw_fastq/UK-3126-BMYV-34_S203_L004_R1_001.fastq.gz,/proj/snic2021-23-442/raw_rna_data/all_raw_fastq/UK-3126-BMYV-34_S203_L004_R2_001.fastq.gz,forward,Sample_UK-3126-BMYV-34,Resistant,BMYV,Young,14_DAI,Inoculated,4,ERR13821954,SAMEA116105972,ERX13224706,PRJEB80223,161934,Beta vulgaris,ftp.sra.ebi.ac.uk/vol1/fastq/ERR138/054/ERR13821954/ERR13821954_1.fastq.gz;ftp.sra.ebi.ac.uk/vol1/fastq/ERR138/054/ERR13821954/ERR13821954_2.fastq.gz,ftp.sra.ebi.ac.uk/vol1/run/ERR138/ERR13821954/UK-3126-BMYV-34_S203_L004_R1_001.fastq.gz;ftp.sra.ebi.ac.uk/vol1/run/ERR138/ERR13821954/UK-3126-BMYV-34_S203_L004_R2_001.fastq.gz,ftp.sra.ebi.ac.uk/vol1/err/ERR138/054/ERR13821954/ERR13821954.bam
UK-3126-BMYV-35_S204_L004,/proj/snic2021-23-442/raw_rna_data/all_raw_fastq/UK-3126-BMYV-35_S204_L004_R1_001.fastq.gz,/proj/snic2021-23-442/raw_rna_data/all_raw_fastq/UK-3126-BMYV-35_S204_L004_R2_001.fastq.gz,forward,Sample_UK-3126-BMYV-35,Resistant,BMYV,Old,14_DAI,Inoculated,4,ERR13821955,SAMEA116105973,ERX13224707,PRJEB80223,161934,Beta vulgaris,ftp.sra.ebi.ac.uk/vol1/fastq/ERR138/055/ERR13821955/ERR13821955_1.fastq.gz;ftp.sra.ebi.ac.uk/vol1/fastq/ERR138/055/ERR13821955/ERR13821955_2.fastq.gz,ftp.sra.ebi.ac.uk/vol1/run/ERR138/ERR13821955/UK-3126-BMYV-35_S204_L004_R1_001.fastq.gz;ftp.sra.ebi.ac.uk/vol1/run/ERR138/ERR13821955/UK-3126-BMYV-35_S204_L004_R2_001.fastq.gz,ftp.sra.ebi.ac.uk/vol1/err/ERR138/055/ERR13821955/ERR13821955.bam
UK-3126-BMYV-36_S205_L004,/proj/snic2021-23-442/raw_rna_data/all_raw_fastq/UK-3126-BMYV-36_S205_L004_R1_001.fastq.gz,/proj/snic2021-23-442/raw_rna_data/all_raw_fastq/UK-3126-BMYV-36_S205_L004_R2_001.fastq.gz,forward,Sample_UK-3126-BMYV-36,Resistant,BMYV,Young,14_DAI,Inoculated,4,ERR13821956,SAMEA116105974,ERX13224708,PRJEB80223,161934,Beta vulgaris,ftp.sra.ebi.ac.uk/vol1/fastq/ERR138/056/ERR13821956/ERR13821956_1.fastq.gz;ftp.sra.ebi.ac.uk/vol1/fastq/ERR138/056/ERR13821956/ERR13821956_2.fastq.gz,ftp.sra.ebi.ac.uk/vol1/run/ERR138/ERR13821956/UK-3126-BMYV-36_S205_L004_R1_001.fastq.gz;ftp.sra.ebi.ac.uk/vol1/run/ERR138/ERR13821956/UK-3126-BMYV-36_S205_L004_R2_001.fastq.gz,ftp.sra.ebi.ac.uk/vol1/err/ERR138/056/ERR13821956/ERR13821956.bam
UK-3126-BMYV-37_S206_L004,/proj/snic2021-23-442/raw_rna_data/all_raw_fastq/UK-3126-BMYV-37_S206_L004_R1_001.fastq.gz,/proj/snic2021-23-442/raw_rna_data/all_raw_fastq/UK-3126-BMYV-37_S206_L004_R2_001.fastq.gz,forward,Sample_UK-3126-BMYV-37,Susceptible,BMYV,Old,14_DAI,Inoculated,4,ERR13821957,SAMEA116105975,ERX13224709,PRJEB80223,161934,Beta vulgaris,ftp.sra.ebi.ac.uk/vol1/fastq/ERR138/057/ERR13821957/ERR13821957_1.fastq.gz;ftp.sra.ebi.ac.uk/vol1/fastq/ERR138/057/ERR13821957/ERR13821957_2.fastq.gz,ftp.sra.ebi.ac.uk/vol1/run/ERR138/ERR13821957/UK-3126-BMYV-37_S206_L004_R1_001.fastq.gz;ftp.sra.ebi.ac.uk/vol1/run/ERR138/ERR13821957/UK-3126-BMYV-37_S206_L004_R2_001.fastq.gz,ftp.sra.ebi.ac.uk/vol1/err/ERR138/057/ERR13821957/ERR13821957.bam
UK-3126-BMYV-38_S207_L004,/proj/snic2021-23-442/raw_rna_data/all_raw_fastq/UK-3126-BMYV-38_S207_L004_R1_001.fastq.gz,/proj/snic2021-23-442/raw_rna_data/all_raw_fastq/UK-3126-BMYV-38_S207_L004_R2_001.fastq.gz,forward,Sample_UK-3126-BMYV-38,Susceptible,BMYV,Young,14_DAI,Inoculated,4,ERR13821958,SAMEA116105976,ERX13224710,PRJEB80223,161934,Beta vulgaris,ftp.sra.ebi.ac.uk/vol1/fastq/ERR138/058/ERR13821958/ERR13821958_1.fastq.gz;ftp.sra.ebi.ac.uk/vol1/fastq/ERR138/058/ERR13821958/ERR13821958_2.fastq.gz,ftp.sra.ebi.ac.uk/vol1/run/ERR138/ERR13821958/UK-3126-BMYV-38_S207_L004_R1_001.fastq.gz;ftp.sra.ebi.ac.uk/vol1/run/ERR138/ERR13821958/UK-3126-BMYV-38_S207_L004_R2_001.fastq.gz,ftp.sra.ebi.ac.uk/vol1/err/ERR138/058/ERR13821958/ERR13821958.bam
UK-3126-BMYV-39_S208_L004,/proj/snic2021-23-442/raw_rna_data/all_raw_fastq/UK-3126-BMYV-39_S208_L004_R1_001.fastq.gz,/proj/snic2021-23-442/raw_rna_data/all_raw_fastq/UK-3126-BMYV-39_S208_L004_R2_001.fastq.gz,forward,Sample_UK-3126-BMYV-39,Susceptible,BMYV,Old,14_DAI,Inoculated,4,ERR13821959,SAMEA116105977,ERX13224711,PRJEB80223,161934,Beta vulgaris,ftp.sra.ebi.ac.uk/vol1/fastq/ERR138/059/ERR13821959/ERR13821959_1.fastq.gz;ftp.sra.ebi.ac.uk/vol1/fastq/ERR138/059/ERR13821959/ERR13821959_2.fastq.gz,ftp.sra.ebi.ac.uk/vol1/run/ERR138/ERR13821959/UK-3126-BMYV-39_S208_L004_R1_001.fastq.gz;ftp.sra.ebi.ac.uk/vol1/run/ERR138/ERR13821959/UK-3126-BMYV-39_S208_L004_R2_001.fastq.gz,ftp.sra.ebi.ac.uk/vol1/err/ERR138/059/ERR13821959/ERR13821959.bam
UK-3126-BMYV-40_S209_L004,/proj/snic2021-23-442/raw_rna_data/all_raw_fastq/UK-3126-BMYV-40_S209_L004_R1_001.fastq.gz,/proj/snic2021-23-442/raw_rna_data/all_raw_fastq/UK-3126-BMYV-40_S209_L004_R2_001.fastq.gz,forward,Sample_UK-3126-BMYV-40,Susceptible,BMYV,Young,14_DAI,Inoculated,4,ERR13821960,SAMEA116105978,ERX13224712,PRJEB80223,161934,Beta vulgaris,ftp.sra.ebi.ac.uk/vol1/fastq/ERR138/060/ERR13821960/ERR13821960_1.fastq.gz;ftp.sra.ebi.ac.uk/vol1/fastq/ERR138/060/ERR13821960/ERR13821960_2.fastq.gz,ftp.sra.ebi.ac.uk/vol1/run/ERR138/ERR13821960/UK-3126-BMYV-40_S209_L004_R1_001.fastq.gz;ftp.sra.ebi.ac.uk/vol1/run/ERR138/ERR13821960/UK-3126-BMYV-40_S209_L004_R2_001.fastq.gz,ftp.sra.ebi.ac.uk/vol1/err/ERR138/060/ERR13821960/ERR13821960.bam
UK-3126-BMYV-41_S210_L004,/proj/snic2021-23-442/raw_rna_data/all_raw_fastq/UK-3126-BMYV-41_S210_L004_R1_001.fastq.gz,/proj/snic2021-23-442/raw_rna_data/all_raw_fastq/UK-3126-BMYV-41_S210_L004_R2_001.fastq.gz,forward,Sample_UK-3126-BMYV-41,Susceptible,BMYV,Old,14_DAI,Inoculated,4,ERR13821961,SAMEA116105979,ERX13224713,PRJEB80223,161934,Beta vulgaris,ftp.sra.ebi.ac.uk/vol1/fastq/ERR138/061/ERR13821961/ERR13821961_1.fastq.gz;ftp.sra.ebi.ac.uk/vol1/fastq/ERR138/061/ERR13821961/ERR13821961_2.fastq.gz,ftp.sra.ebi.ac.uk/vol1/run/ERR138/ERR13821961/UK-3126-BMYV-41_S210_L004_R1_001.fastq.gz;ftp.sra.ebi.ac.uk/vol1/run/ERR138/ERR13821961/UK-3126-BMYV-41_S210_L004_R2_001.fastq.gz,ftp.sra.ebi.ac.uk/vol1/err/ERR138/061/ERR13821961/ERR13821961.bam
UK-3126-BMYV-42_S211_L004,/proj/snic2021-23-442/raw_rna_data/all_raw_fastq/UK-3126-BMYV-42_S211_L004_R1_001.fastq.gz,/proj/snic2021-23-442/raw_rna_data/all_raw_fastq/UK-3126-BMYV-42_S211_L004_R2_001.fastq.gz,forward,Sample_UK-3126-BMYV-42,Susceptible,BMYV,Young,14_DAI,Inoculated,4,ERR13821962,SAMEA116105980,ERX13224714,PRJEB80223,161934,Beta vulgaris,ftp.sra.ebi.ac.uk/vol1/fastq/ERR138/062/ERR13821962/ERR13821962_1.fastq.gz;ftp.sra.ebi.ac.uk/vol1/fastq/ERR138/062/ERR13821962/ERR13821962_2.fastq.gz,ftp.sra.ebi.ac.uk/vol1/run/ERR138/ERR13821962/UK-3126-BMYV-42_S211_L004_R1_001.fastq.gz;ftp.sra.ebi.ac.uk/vol1/run/ERR138/ERR13821962/UK-3126-BMYV-42_S211_L004_R2_001.fastq.gz,ftp.sra.ebi.ac.uk/vol1/err/ERR138/062/ERR13821962/ERR13821962.bam
UK-3126-BMYV-43_S212_L004,/proj/snic2021-23-442/raw_rna_data/all_raw_fastq/UK-3126-BMYV-43_S212_L004_R1_001.fastq.gz,/proj/snic2021-23-442/raw_rna_data/all_raw_fastq/UK-3126-BMYV-43_S212_L004_R2_001.fastq.gz,forward,Sample_UK-3126-BMYV-43,Resistant,BMYV,Old,14_DAI,Healthy,4,ERR13821963,SAMEA116105981,ERX13224715,PRJEB80223,161934,Beta vulgaris,ftp.sra.ebi.ac.uk/vol1/fastq/ERR138/063/ERR13821963/ERR13821963_1.fastq.gz;ftp.sra.ebi.ac.uk/vol1/fastq/ERR138/063/ERR13821963/ERR13821963_2.fastq.gz,ftp.sra.ebi.ac.uk/vol1/run/ERR138/ERR13821963/UK-3126-BMYV-43_S212_L004_R1_001.fastq.gz;ftp.sra.ebi.ac.uk/vol1/run/ERR138/ERR13821963/UK-3126-BMYV-43_S212_L004_R2_001.fastq.gz,ftp.sra.ebi.ac.uk/vol1/err/ERR138/063/ERR13821963/ERR13821963.bam
UK-3126-BMYV-44_S213_L004,/proj/snic2021-23-442/raw_rna_data/all_raw_fastq/UK-3126-BMYV-44_S213_L004_R1_001.fastq.gz,/proj/snic2021-23-442/raw_rna_data/all_raw_fastq/UK-3126-BMYV-44_S213_L004_R2_001.fastq.gz,forward,Sample_UK-3126-BMYV-44,Resistant,BMYV,Young,14_DAI,Healthy,4,ERR13821964,SAMEA116105982,ERX13224716,PRJEB80223,161934,Beta vulgaris,ftp.sra.ebi.ac.uk/vol1/fastq/ERR138/064/ERR13821964/ERR13821964_1.fastq.gz;ftp.sra.ebi.ac.uk/vol1/fastq/ERR138/064/ERR13821964/ERR13821964_2.fastq.gz,ftp.sra.ebi.ac.uk/vol1/run/ERR138/ERR13821964/UK-3126-BMYV-44_S213_L004_R1_001.fastq.gz;ftp.sra.ebi.ac.uk/vol1/run/ERR138/ERR13821964/UK-3126-BMYV-44_S213_L004_R2_001.fastq.gz,ftp.sra.ebi.ac.uk/vol1/err/ERR138/064/ERR13821964/ERR13821964.bam
UK-3126-BMYV-45_S214_L004,/proj/snic2021-23-442/raw_rna_data/all_raw_fastq/UK-3126-BMYV-45_S214_L004_R1_001.fastq.gz,/proj/snic2021-23-442/raw_rna_data/all_raw_fastq/UK-3126-BMYV-45_S214_L004_R2_001.fastq.gz,forward,Sample_UK-3126-BMYV-45,Resistant,BMYV,Old,14_DAI,Healthy,4,ERR13821965,SAMEA116105983,ERX13224717,PRJEB80223,161934,Beta vulgaris,ftp.sra.ebi.ac.uk/vol1/fastq/ERR138/065/ERR13821965/ERR13821965_1.fastq.gz;ftp.sra.ebi.ac.uk/vol1/fastq/ERR138/065/ERR13821965/ERR13821965_2.fastq.gz,ftp.sra.ebi.ac.uk/vol1/run/ERR138/ERR13821965/UK-3126-BMYV-45_S214_L004_R1_001.fastq.gz;ftp.sra.ebi.ac.uk/vol1/run/ERR138/ERR13821965/UK-3126-BMYV-45_S214_L004_R2_001.fastq.gz,ftp.sra.ebi.ac.uk/vol1/err/ERR138/065/ERR13821965/ERR13821965.bam
UK-3126-BMYV-46_S215_L004,/proj/snic2021-23-442/raw_rna_data/all_raw_fastq/UK-3126-BMYV-46_S215_L004_R1_001.fastq.gz,/proj/snic2021-23-442/raw_rna_data/all_raw_fastq/UK-3126-BMYV-46_S215_L004_R2_001.fastq.gz,forward,Sample_UK-3126-BMYV-46,Resistant,BMYV,Young,14_DAI,Healthy,4,ERR13821966,SAMEA116105984,ERX13224718,PRJEB80223,161934,Beta vulgaris,ftp.sra.ebi.ac.uk/vol1/fastq/ERR138/066/ERR13821966/ERR13821966_1.fastq.gz;ftp.sra.ebi.ac.uk/vol1/fastq/ERR138/066/ERR13821966/ERR13821966_2.fastq.gz,ftp.sra.ebi.ac.uk/vol1/run/ERR138/ERR13821966/UK-3126-BMYV-46_S215_L004_R1_001.fastq.gz;ftp.sra.ebi.ac.uk/vol1/run/ERR138/ERR13821966/UK-3126-BMYV-46_S215_L004_R2_001.fastq.gz,ftp.sra.ebi.ac.uk/vol1/err/ERR138/066/ERR13821966/ERR13821966.bam
UK-3126-BMYV-47_S216_L004,/proj/snic2021-23-442/raw_rna_data/all_raw_fastq/UK-3126-BMYV-47_S216_L004_R1_001.fastq.gz,/proj/snic2021-23-442/raw_rna_data/all_raw_fastq/UK-3126-BMYV-47_S216_L004_R2_001.fastq.gz,forward,Sample_UK-3126-BMYV-47,Resistant,BMYV,Old,14_DAI,Healthy,4,ERR13821967,SAMEA116105985,ERX13224719,PRJEB80223,161934,Beta vulgaris,ftp.sra.ebi.ac.uk/vol1/fastq/ERR138/067/ERR13821967/ERR13821967_1.fastq.gz;ftp.sra.ebi.ac.uk/vol1/fastq/ERR138/067/ERR13821967/ERR13821967_2.fastq.gz,ftp.sra.ebi.ac.uk/vol1/run/ERR138/ERR13821967/UK-3126-BMYV-47_S216_L004_R1_001.fastq.gz;ftp.sra.ebi.ac.uk/vol1/run/ERR138/ERR13821967/UK-3126-BMYV-47_S216_L004_R2_001.fastq.gz,ftp.sra.ebi.ac.uk/vol1/err/ERR138/067/ERR13821967/ERR13821967.bam
UK-3126-BMYV-48_S217_L004,/proj/snic2021-23-442/raw_rna_data/all_raw_fastq/UK-3126-BMYV-48_S217_L004_R1_001.fastq.gz,/proj/snic2021-23-442/raw_rna_data/all_raw_fastq/UK-3126-BMYV-48_S217_L004_R2_001.fastq.gz,forward,Sample_UK-3126-BMYV-48,Resistant,BMYV,Young,14_DAI,Healthy,4,ERR13821968,SAMEA116105986,ERX13224720,PRJEB80223,161934,Beta vulgaris,ftp.sra.ebi.ac.uk/vol1/fastq/ERR138/068/ERR13821968/ERR13821968_1.fastq.gz;ftp.sra.ebi.ac.uk/vol1/fastq/ERR138/068/ERR13821968/ERR13821968_2.fastq.gz,ftp.sra.ebi.ac.uk/vol1/run/ERR138/ERR13821968/UK-3126-BMYV-48_S217_L004_R1_001.fastq.gz;ftp.sra.ebi.ac.uk/vol1/run/ERR138/ERR13821968/UK-3126-BMYV-48_S217_L004_R2_001.fastq.gz,ftp.sra.ebi.ac.uk/vol1/err/ERR138/068/ERR13821968/ERR13821968.bam
UK-3126-BMYV-49_S218_L004,/proj/snic2021-23-442/raw_rna_data/all_raw_fastq/UK-3126-BMYV-49_S218_L004_R1_001.fastq.gz,/proj/snic2021-23-442/raw_rna_data/all_raw_fastq/UK-3126-BMYV-49_S218_L004_R2_001.fastq.gz,forward,Sample_UK-3126-BMYV-49,Susceptible,BMYV,Old,14_DAI,Healthy,4,ERR13821969,SAMEA116105987,ERX13224721,PRJEB80223,161934,Beta vulgaris,ftp.sra.ebi.ac.uk/vol1/fastq/ERR138/069/ERR13821969/ERR13821969_1.fastq.gz;ftp.sra.ebi.ac.uk/vol1/fastq/ERR138/069/ERR13821969/ERR13821969_2.fastq.gz,ftp.sra.ebi.ac.uk/vol1/run/ERR138/ERR13821969/UK-3126-BMYV-49_S218_L004_R1_001.fastq.gz;ftp.sra.ebi.ac.uk/vol1/run/ERR138/ERR13821969/UK-3126-BMYV-49_S218_L004_R2_001.fastq.gz,ftp.sra.ebi.ac.uk/vol1/err/ERR138/069/ERR13821969/ERR13821969.bam
UK-3126-BMYV-50_S219_L004,/proj/snic2021-23-442/raw_rna_data/all_raw_fastq/UK-3126-BMYV-50_S219_L004_R1_001.fastq.gz,/proj/snic2021-23-442/raw_rna_data/all_raw_fastq/UK-3126-BMYV-50_S219_L004_R2_001.fastq.gz,forward,Sample_UK-3126-BMYV-50,Susceptible,BMYV,Young,14_DAI,Healthy,4,ERR13821970,SAMEA116105988,ERX13224722,PRJEB80223,161934,Beta vulgaris,ftp.sra.ebi.ac.uk/vol1/fastq/ERR138/070/ERR13821970/ERR13821970_1.fastq.gz;ftp.sra.ebi.ac.uk/vol1/fastq/ERR138/070/ERR13821970/ERR13821970_2.fastq.gz,ftp.sra.ebi.ac.uk/vol1/run/ERR138/ERR13821970/UK-3126-BMYV-50_S219_L004_R1_001.fastq.gz;ftp.sra.ebi.ac.uk/vol1/run/ERR138/ERR13821970/UK-3126-BMYV-50_S219_L004_R2_001.fastq.gz,ftp.sra.ebi.ac.uk/vol1/err/ERR138/070/ERR13821970/ERR13821970.bam
UK-3126-BMYV-51_S220_L004,/proj/snic2021-23-442/raw_rna_data/all_raw_fastq/UK-3126-BMYV-51_S220_L004_R1_001.fastq.gz,/proj/snic2021-23-442/raw_rna_data/all_raw_fastq/UK-3126-BMYV-51_S220_L004_R2_001.fastq.gz,forward,Sample_UK-3126-BMYV-51,Susceptible,BMYV,Old,14_DAI,Healthy,4,ERR13821971,SAMEA116105989,ERX13224723,PRJEB80223,161934,Beta vulgaris,ftp.sra.ebi.ac.uk/vol1/fastq/ERR138/071/ERR13821971/ERR13821971_1.fastq.gz;ftp.sra.ebi.ac.uk/vol1/fastq/ERR138/071/ERR13821971/ERR13821971_2.fastq.gz,ftp.sra.ebi.ac.uk/vol1/run/ERR138/ERR13821971/UK-3126-BMYV-51_S220_L004_R1_001.fastq.gz;ftp.sra.ebi.ac.uk/vol1/run/ERR138/ERR13821971/UK-3126-BMYV-51_S220_L004_R2_001.fastq.gz,ftp.sra.ebi.ac.uk/vol1/err/ERR138/071/ERR13821971/ERR13821971.bam
UK-3126-BMYV-52_S221_L004,/proj/snic2021-23-442/raw_rna_data/all_raw_fastq/UK-3126-BMYV-52_S221_L004_R1_001.fastq.gz,/proj/snic2021-23-442/raw_rna_data/all_raw_fastq/UK-3126-BMYV-52_S221_L004_R2_001.fastq.gz,forward,Sample_UK-3126-BMYV-52,Susceptible,BMYV,Young,14_DAI,Healthy,4,ERR13821972,SAMEA116105990,ERX13224724,PRJEB80223,161934,Beta vulgaris,ftp.sra.ebi.ac.uk/vol1/fastq/ERR138/072/ERR13821972/ERR13821972_1.fastq.gz;ftp.sra.ebi.ac.uk/vol1/fastq/ERR138/072/ERR13821972/ERR13821972_2.fastq.gz,ftp.sra.ebi.ac.uk/vol1/run/ERR138/ERR13821972/UK-3126-BMYV-52_S221_L004_R1_001.fastq.gz;ftp.sra.ebi.ac.uk/vol1/run/ERR138/ERR13821972/UK-3126-BMYV-52_S221_L004_R2_001.fastq.gz,ftp.sra.ebi.ac.uk/vol1/err/ERR138/072/ERR13821972/ERR13821972.bam
UK-3126-BMYV-53_S222_L004,/proj/snic2021-23-442/raw_rna_data/all_raw_fastq/UK-3126-BMYV-53_S222_L004_R1_001.fastq.gz,/proj/snic2021-23-442/raw_rna_data/all_raw_fastq/UK-3126-BMYV-53_S222_L004_R2_001.fastq.gz,forward,Sample_UK-3126-BMYV-53,Susceptible,BMYV,Old,14_DAI,Healthy,4,ERR13821973,SAMEA116105991,ERX13224725,PRJEB80223,161934,Beta vulgaris,ftp.sra.ebi.ac.uk/vol1/fastq/ERR138/073/ERR13821973/ERR13821973_1.fastq.gz;ftp.sra.ebi.ac.uk/vol1/fastq/ERR138/073/ERR13821973/ERR13821973_2.fastq.gz,ftp.sra.ebi.ac.uk/vol1/run/ERR138/ERR13821973/UK-3126-BMYV-53_S222_L004_R1_001.fastq.gz;ftp.sra.ebi.ac.uk/vol1/run/ERR138/ERR13821973/UK-3126-BMYV-53_S222_L004_R2_001.fastq.gz,ftp.sra.ebi.ac.uk/vol1/err/ERR138/073/ERR13821973/ERR13821973.bam
UK-3126-BMYV-54_S223_L004,/proj/snic2021-23-442/raw_rna_data/all_raw_fastq/UK-3126-BMYV-54_S223_L004_R1_001.fastq.gz,/proj/snic2021-23-442/raw_rna_data/all_raw_fastq/UK-3126-BMYV-54_S223_L004_R2_001.fastq.gz,forward,Sample_UK-3126-BMYV-54,Susceptible,BMYV,Young,14_DAI,Healthy,4,ERR13821974,SAMEA116105992,ERX13224726,PRJEB80223,161934,Beta vulgaris,ftp.sra.ebi.ac.uk/vol1/fastq/ERR138/074/ERR13821974/ERR13821974_1.fastq.gz;ftp.sra.ebi.ac.uk/vol1/fastq/ERR138/074/ERR13821974/ERR13821974_2.fastq.gz,ftp.sra.ebi.ac.uk/vol1/run/ERR138/ERR13821974/UK-3126-BMYV-54_S223_L004_R1_001.fastq.gz;ftp.sra.ebi.ac.uk/vol1/run/ERR138/ERR13821974/UK-3126-BMYV-54_S223_L004_R2_001.fastq.gz,ftp.sra.ebi.ac.uk/vol1/err/ERR138/074/ERR13821974/ERR13821974.bam
UK-3126-BMYV-55_S224_L004,/proj/snic2021-23-442/raw_rna_data/all_raw_fastq/UK-3126-BMYV-55_S224_L004_R1_001.fastq.gz,/proj/snic2021-23-442/raw_rna_data/all_raw_fastq/UK-3126-BMYV-55_S224_L004_R2_001.fastq.gz,forward,Sample_UK-3126-BMYV-55,Resistant,BMYV,Old,14_DAI,Insecticide,4,ERR13821975,SAMEA116105993,ERX13224727,PRJEB80223,161934,Beta vulgaris,ftp.sra.ebi.ac.uk/vol1/fastq/ERR138/075/ERR13821975/ERR13821975_1.fastq.gz;ftp.sra.ebi.ac.uk/vol1/fastq/ERR138/075/ERR13821975/ERR13821975_2.fastq.gz,ftp.sra.ebi.ac.uk/vol1/run/ERR138/ERR13821975/UK-3126-BMYV-55_S224_L004_R1_001.fastq.gz;ftp.sra.ebi.ac.uk/vol1/run/ERR138/ERR13821975/UK-3126-BMYV-55_S224_L004_R2_001.fastq.gz,ftp.sra.ebi.ac.uk/vol1/err/ERR138/075/ERR13821975/ERR13821975.bam
UK-3126-BMYV-56_S225_L004,/proj/snic2021-23-442/raw_rna_data/all_raw_fastq/UK-3126-BMYV-56_S225_L004_R1_001.fastq.gz,/proj/snic2021-23-442/raw_rna_data/all_raw_fastq/UK-3126-BMYV-56_S225_L004_R2_001.fastq.gz,forward,Sample_UK-3126-BMYV-56,Resistant,BMYV,Young,14_DAI,Insecticide,4,ERR13821976,SAMEA116105994,ERX13224728,PRJEB80223,161934,Beta vulgaris,ftp.sra.ebi.ac.uk/vol1/fastq/ERR138/076/ERR13821976/ERR13821976_1.fastq.gz;ftp.sra.ebi.ac.uk/vol1/fastq/ERR138/076/ERR13821976/ERR13821976_2.fastq.gz,ftp.sra.ebi.ac.uk/vol1/run/ERR138/ERR13821976/UK-3126-BMYV-56_S225_L004_R1_001.fastq.gz;ftp.sra.ebi.ac.uk/vol1/run/ERR138/ERR13821976/UK-3126-BMYV-56_S225_L004_R2_001.fastq.gz,ftp.sra.ebi.ac.uk/vol1/err/ERR138/076/ERR13821976/ERR13821976.bam
UK-3126-BMYV-57_S226_L004,/proj/snic2021-23-442/raw_rna_data/all_raw_fastq/UK-3126-BMYV-57_S226_L004_R1_001.fastq.gz,/proj/snic2021-23-442/raw_rna_data/all_raw_fastq/UK-3126-BMYV-57_S226_L004_R2_001.fastq.gz,forward,Sample_UK-3126-BMYV-57,Resistant,BMYV,Old,14_DAI,Insecticide,4,ERR13821977,SAMEA116105995,ERX13224729,PRJEB80223,161934,Beta vulgaris,ftp.sra.ebi.ac.uk/vol1/fastq/ERR138/077/ERR13821977/ERR13821977_1.fastq.gz;ftp.sra.ebi.ac.uk/vol1/fastq/ERR138/077/ERR13821977/ERR13821977_2.fastq.gz,ftp.sra.ebi.ac.uk/vol1/run/ERR138/ERR13821977/UK-3126-BMYV-57_S226_L004_R1_001.fastq.gz;ftp.sra.ebi.ac.uk/vol1/run/ERR138/ERR13821977/UK-3126-BMYV-57_S226_L004_R2_001.fastq.gz,ftp.sra.ebi.ac.uk/vol1/err/ERR138/077/ERR13821977/ERR13821977.bam
UK-3126-BMYV-58_S227_L004,/proj/snic2021-23-442/raw_rna_data/all_raw_fastq/UK-3126-BMYV-58_S227_L004_R1_001.fastq.gz,/proj/snic2021-23-442/raw_rna_data/all_raw_fastq/UK-3126-BMYV-58_S227_L004_R2_001.fastq.gz,forward,Sample_UK-3126-BMYV-58,Resistant,BMYV,Young,14_DAI,Insecticide,4,ERR13821978,SAMEA116105996,ERX13224730,PRJEB80223,161934,Beta vulgaris,ftp.sra.ebi.ac.uk/vol1/fastq/ERR138/078/ERR13821978/ERR13821978_1.fastq.gz;ftp.sra.ebi.ac.uk/vol1/fastq/ERR138/078/ERR13821978/ERR13821978_2.fastq.gz,ftp.sra.ebi.ac.uk/vol1/run/ERR138/ERR13821978/UK-3126-BMYV-58_S227_L004_R1_001.fastq.gz;ftp.sra.ebi.ac.uk/vol1/run/ERR138/ERR13821978/UK-3126-BMYV-58_S227_L004_R2_001.fastq.gz,ftp.sra.ebi.ac.uk/vol1/err/ERR138/078/ERR13821978/ERR13821978.bam
UK-3126-BMYV-59_S228_L004,/proj/snic2021-23-442/raw_rna_data/all_raw_fastq/UK-3126-BMYV-59_S228_L004_R1_001.fastq.gz,/proj/snic2021-23-442/raw_rna_data/all_raw_fastq/UK-3126-BMYV-59_S228_L004_R2_001.fastq.gz,forward,Sample_UK-3126-BMYV-59,Resistant,BMYV,Old,14_DAI,Insecticide,4,ERR13821979,SAMEA116105997,ERX13224731,PRJEB80223,161934,Beta vulgaris,ftp.sra.ebi.ac.uk/vol1/fastq/ERR138/079/ERR13821979/ERR13821979_1.fastq.gz;ftp.sra.ebi.ac.uk/vol1/fastq/ERR138/079/ERR13821979/ERR13821979_2.fastq.gz,ftp.sra.ebi.ac.uk/vol1/run/ERR138/ERR13821979/UK-3126-BMYV-59_S228_L004_R1_001.fastq.gz;ftp.sra.ebi.ac.uk/vol1/run/ERR138/ERR13821979/UK-3126-BMYV-59_S228_L004_R2_001.fastq.gz,ftp.sra.ebi.ac.uk/vol1/err/ERR138/079/ERR13821979/ERR13821979.bam
UK-3126-BMYV-60_S229_L004,/proj/snic2021-23-442/raw_rna_data/all_raw_fastq/UK-3126-BMYV-60_S229_L004_R1_001.fastq.gz,/proj/snic2021-23-442/raw_rna_data/all_raw_fastq/UK-3126-BMYV-60_S229_L004_R2_001.fastq.gz,forward,Sample_UK-3126-BMYV-60,Resistant,BMYV,Young,14_DAI,Insecticide,4,ERR13821980,SAMEA116105998,ERX13224732,PRJEB80223,161934,Beta vulgaris,ftp.sra.ebi.ac.uk/vol1/fastq/ERR138/080/ERR13821980/ERR13821980_1.fastq.gz;ftp.sra.ebi.ac.uk/vol1/fastq/ERR138/080/ERR13821980/ERR13821980_2.fastq.gz,ftp.sra.ebi.ac.uk/vol1/run/ERR138/ERR13821980/UK-3126-BMYV-60_S229_L004_R1_001.fastq.gz;ftp.sra.ebi.ac.uk/vol1/run/ERR138/ERR13821980/UK-3126-BMYV-60_S229_L004_R2_001.fastq.gz,ftp.sra.ebi.ac.uk/vol1/err/ERR138/080/ERR13821980/ERR13821980.bam
UK-3126-BMYV-61_S230_L004,/proj/snic2021-23-442/raw_rna_data/all_raw_fastq/UK-3126-BMYV-61_S230_L004_R1_001.fastq.gz,/proj/snic2021-23-442/raw_rna_data/all_raw_fastq/UK-3126-BMYV-61_S230_L004_R2_001.fastq.gz,forward,Sample_UK-3126-BMYV-61,Susceptible,BMYV,Old,14_DAI,Insecticide,4,ERR13821981,SAMEA116105999,ERX13224733,PRJEB80223,161934,Beta vulgaris,ftp.sra.ebi.ac.uk/vol1/fastq/ERR138/081/ERR13821981/ERR13821981_1.fastq.gz;ftp.sra.ebi.ac.uk/vol1/fastq/ERR138/081/ERR13821981/ERR13821981_2.fastq.gz,ftp.sra.ebi.ac.uk/vol1/run/ERR138/ERR13821981/UK-3126-BMYV-61_S230_L004_R1_001.fastq.gz;ftp.sra.ebi.ac.uk/vol1/run/ERR138/ERR13821981/UK-3126-BMYV-61_S230_L004_R2_001.fastq.gz,ftp.sra.ebi.ac.uk/vol1/err/ERR138/081/ERR13821981/ERR13821981.bam
UK-3126-BMYV-62_S231_L004,/proj/snic2021-23-442/raw_rna_data/all_raw_fastq/UK-3126-BMYV-62_S231_L004_R1_001.fastq.gz,/proj/snic2021-23-442/raw_rna_data/all_raw_fastq/UK-3126-BMYV-62_S231_L004_R2_001.fastq.gz,forward,Sample_UK-3126-BMYV-62,Susceptible,BMYV,Young,14_DAI,Insecticide,4,ERR13821982,SAMEA116106000,ERX13224734,PRJEB80223,161934,Beta vulgaris,ftp.sra.ebi.ac.uk/vol1/fastq/ERR138/082/ERR13821982/ERR13821982_1.fastq.gz;ftp.sra.ebi.ac.uk/vol1/fastq/ERR138/082/ERR13821982/ERR13821982_2.fastq.gz,ftp.sra.ebi.ac.uk/vol1/run/ERR138/ERR13821982/UK-3126-BMYV-62_S231_L004_R1_001.fastq.gz;ftp.sra.ebi.ac.uk/vol1/run/ERR138/ERR13821982/UK-3126-BMYV-62_S231_L004_R2_001.fastq.gz,ftp.sra.ebi.ac.uk/vol1/err/ERR138/082/ERR13821982/ERR13821982.bam
UK-3126-BMYV-63_S232_L004,/proj/snic2021-23-442/raw_rna_data/all_raw_fastq/UK-3126-BMYV-63_S232_L004_R1_001.fastq.gz,/proj/snic2021-23-442/raw_rna_data/all_raw_fastq/UK-3126-BMYV-63_S232_L004_R2_001.fastq.gz,forward,Sample_UK-3126-BMYV-63,Susceptible,BMYV,Old,14_DAI,Insecticide,4,ERR13821983,SAMEA116106001,ERX13224735,PRJEB80223,161934,Beta vulgaris,ftp.sra.ebi.ac.uk/vol1/fastq/ERR138/083/ERR13821983/ERR13821983_1.fastq.gz;ftp.sra.ebi.ac.uk/vol1/fastq/ERR138/083/ERR13821983/ERR13821983_2.fastq.gz,ftp.sra.ebi.ac.uk/vol1/run/ERR138/ERR13821983/UK-3126-BMYV-63_S232_L004_R1_001.fastq.gz;ftp.sra.ebi.ac.uk/vol1/run/ERR138/ERR13821983/UK-3126-BMYV-63_S232_L004_R2_001.fastq.gz,ftp.sra.ebi.ac.uk/vol1/err/ERR138/083/ERR13821983/ERR13821983.bam
UK-3126-BMYV-64_S233_L004,/proj/snic2021-23-442/raw_rna_data/all_raw_fastq/UK-3126-BMYV-64_S233_L004_R1_001.fastq.gz,/proj/snic2021-23-442/raw_rna_data/all_raw_fastq/UK-3126-BMYV-64_S233_L004_R2_001.fastq.gz,forward,Sample_UK-3126-BMYV-64,Susceptible,BMYV,Young,14_DAI,Insecticide,4,ERR13821984,SAMEA116106002,ERX13224736,PRJEB80223,161934,Beta vulgaris,ftp.sra.ebi.ac.uk/vol1/fastq/ERR138/084/ERR13821984/ERR13821984_1.fastq.gz;ftp.sra.ebi.ac.uk/vol1/fastq/ERR138/084/ERR13821984/ERR13821984_2.fastq.gz,ftp.sra.ebi.ac.uk/vol1/run/ERR138/ERR13821984/UK-3126-BMYV-64_S233_L004_R1_001.fastq.gz;ftp.sra.ebi.ac.uk/vol1/run/ERR138/ERR13821984/UK-3126-BMYV-64_S233_L004_R2_001.fastq.gz,ftp.sra.ebi.ac.uk/vol1/err/ERR138/084/ERR13821984/ERR13821984.bam
UK-3126-BMYV-65_S234_L004,/proj/snic2021-23-442/raw_rna_data/all_raw_fastq/UK-3126-BMYV-65_S234_L004_R1_001.fastq.gz,/proj/snic2021-23-442/raw_rna_data/all_raw_fastq/UK-3126-BMYV-65_S234_L004_R2_001.fastq.gz,forward,Sample_UK-3126-BMYV-65,Susceptible,BMYV,Old,14_DAI,Insecticide,4,ERR13821985,SAMEA116106003,ERX13224737,PRJEB80223,161934,Beta vulgaris,ftp.sra.ebi.ac.uk/vol1/fastq/ERR138/085/ERR13821985/ERR13821985_1.fastq.gz;ftp.sra.ebi.ac.uk/vol1/fastq/ERR138/085/ERR13821985/ERR13821985_2.fastq.gz,ftp.sra.ebi.ac.uk/vol1/run/ERR138/ERR13821985/UK-3126-BMYV-65_S234_L004_R1_001.fastq.gz;ftp.sra.ebi.ac.uk/vol1/run/ERR138/ERR13821985/UK-3126-BMYV-65_S234_L004_R2_001.fastq.gz,ftp.sra.ebi.ac.uk/vol1/err/ERR138/085/ERR13821985/ERR13821985.bam
UK-3126-BMYV-66_S235_L004,/proj/snic2021-23-442/raw_rna_data/all_raw_fastq/UK-3126-BMYV-66_S235_L004_R1_001.fastq.gz,/proj/snic2021-23-442/raw_rna_data/all_raw_fastq/UK-3126-BMYV-66_S235_L004_R2_001.fastq.gz,forward,Sample_UK-3126-BMYV-66,Susceptible,BMYV,Young,14_DAI,Insecticide,4,ERR13821986,SAMEA116106004,ERX13224738,PRJEB80223,161934,Beta vulgaris,ftp.sra.ebi.ac.uk/vol1/fastq/ERR138/086/ERR13821986/ERR13821986_1.fastq.gz;ftp.sra.ebi.ac.uk/vol1/fastq/ERR138/086/ERR13821986/ERR13821986_2.fastq.gz,ftp.sra.ebi.ac.uk/vol1/run/ERR138/ERR13821986/UK-3126-BMYV-66_S235_L004_R1_001.fastq.gz;ftp.sra.ebi.ac.uk/vol1/run/ERR138/ERR13821986/UK-3126-BMYV-66_S235_L004_R2_001.fastq.gz,ftp.sra.ebi.ac.uk/vol1/err/ERR138/086/ERR13821986/ERR13821986.bam
UK-3126-BMYV-67_S236_L004,/proj/snic2021-23-442/raw_rna_data/all_raw_fastq/UK-3126-BMYV-67_S236_L004_R1_001.fastq.gz,/proj/snic2021-23-442/raw_rna_data/all_raw_fastq/UK-3126-BMYV-67_S236_L004_R2_001.fastq.gz,forward,Sample_UK-3126-BMYV-67,Resistant,BMYV,Old,21_DAI,Inoculated,4,ERR13821987,SAMEA116106005,ERX13224739,PRJEB80223,161934,Beta vulgaris,ftp.sra.ebi.ac.uk/vol1/fastq/ERR138/087/ERR13821987/ERR13821987_1.fastq.gz;ftp.sra.ebi.ac.uk/vol1/fastq/ERR138/087/ERR13821987/ERR13821987_2.fastq.gz,ftp.sra.ebi.ac.uk/vol1/run/ERR138/ERR13821987/UK-3126-BMYV-67_S236_L004_R1_001.fastq.gz;ftp.sra.ebi.ac.uk/vol1/run/ERR138/ERR13821987/UK-3126-BMYV-67_S236_L004_R2_001.fastq.gz,ftp.sra.ebi.ac.uk/vol1/err/ERR138/087/ERR13821987/ERR13821987.bam
UK-3126-BMYV-68_S237_L004,/proj/snic2021-23-442/raw_rna_data/all_raw_fastq/UK-3126-BMYV-68_S237_L004_R1_001.fastq.gz,/proj/snic2021-23-442/raw_rna_data/all_raw_fastq/UK-3126-BMYV-68_S237_L004_R2_001.fastq.gz,forward,Sample_UK-3126-BMYV-68,Resistant,BMYV,Young,21_DAI,Inoculated,4,ERR13821988,SAMEA116106006,ERX13224740,PRJEB80223,161934,Beta vulgaris,ftp.sra.ebi.ac.uk/vol1/fastq/ERR138/088/ERR13821988/ERR13821988_1.fastq.gz;ftp.sra.ebi.ac.uk/vol1/fastq/ERR138/088/ERR13821988/ERR13821988_2.fastq.gz,ftp.sra.ebi.ac.uk/vol1/run/ERR138/ERR13821988/UK-3126-BMYV-68_S237_L004_R1_001.fastq.gz;ftp.sra.ebi.ac.uk/vol1/run/ERR138/ERR13821988/UK-3126-BMYV-68_S237_L004_R2_001.fastq.gz,ftp.sra.ebi.ac.uk/vol1/err/ERR138/088/ERR13821988/ERR13821988.bam
UK-3126-BMYV-69_S238_L004,/proj/snic2021-23-442/raw_rna_data/all_raw_fastq/UK-3126-BMYV-69_S238_L004_R1_001.fastq.gz,/proj/snic2021-23-442/raw_rna_data/all_raw_fastq/UK-3126-BMYV-69_S238_L004_R2_001.fastq.gz,forward,Sample_UK-3126-BMYV-69,Resistant,BMYV,Old,21_DAI,Inoculated,4,ERR13821989,SAMEA116106007,ERX13224741,PRJEB80223,161934,Beta vulgaris,ftp.sra.ebi.ac.uk/vol1/fastq/ERR138/089/ERR13821989/ERR13821989_1.fastq.gz;ftp.sra.ebi.ac.uk/vol1/fastq/ERR138/089/ERR13821989/ERR13821989_2.fastq.gz,ftp.sra.ebi.ac.uk/vol1/run/ERR138/ERR13821989/UK-3126-BMYV-69_S238_L004_R1_001.fastq.gz;ftp.sra.ebi.ac.uk/vol1/run/ERR138/ERR13821989/UK-3126-BMYV-69_S238_L004_R2_001.fastq.gz,ftp.sra.ebi.ac.uk/vol1/err/ERR138/089/ERR13821989/ERR13821989.bam
UK-3126-BMYV-70_S239_L004,/proj/snic2021-23-442/raw_rna_data/all_raw_fastq/UK-3126-BMYV-70_S239_L004_R1_001.fastq.gz,/proj/snic2021-23-442/raw_rna_data/all_raw_fastq/UK-3126-BMYV-70_S239_L004_R2_001.fastq.gz,forward,Sample_UK-3126-BMYV-70,Resistant,BMYV,Young,21_DAI,Inoculated,4,ERR13821990,SAMEA116106008,ERX13224742,PRJEB80223,161934,Beta vulgaris,ftp.sra.ebi.ac.uk/vol1/fastq/ERR138/090/ERR13821990/ERR13821990_1.fastq.gz;ftp.sra.ebi.ac.uk/vol1/fastq/ERR138/090/ERR13821990/ERR13821990_2.fastq.gz,ftp.sra.ebi.ac.uk/vol1/run/ERR138/ERR13821990/UK-3126-BMYV-70_S239_L004_R1_001.fastq.gz;ftp.sra.ebi.ac.uk/vol1/run/ERR138/ERR13821990/UK-3126-BMYV-70_S239_L004_R2_001.fastq.gz,ftp.sra.ebi.ac.uk/vol1/err/ERR138/090/ERR13821990/ERR13821990.bam
UK-3126-BMYV-71_S240_L004,/proj/snic2021-23-442/raw_rna_data/all_raw_fastq/UK-3126-BMYV-71_S240_L004_R1_001.fastq.gz,/proj/snic2021-23-442/raw_rna_data/all_raw_fastq/UK-3126-BMYV-71_S240_L004_R2_001.fastq.gz,forward,Sample_UK-3126-BMYV-71,Resistant,BMYV,Old,21_DAI,Inoculated,4,ERR13821991,SAMEA116106009,ERX13224743,PRJEB80223,161934,Beta vulgaris,ftp.sra.ebi.ac.uk/vol1/fastq/ERR138/091/ERR13821991/ERR13821991_1.fastq.gz;ftp.sra.ebi.ac.uk/vol1/fastq/ERR138/091/ERR13821991/ERR13821991_2.fastq.gz,ftp.sra.ebi.ac.uk/vol1/run/ERR138/ERR13821991/UK-3126-BMYV-71_S240_L004_R1_001.fastq.gz;ftp.sra.ebi.ac.uk/vol1/run/ERR138/ERR13821991/UK-3126-BMYV-71_S240_L004_R2_001.fastq.gz,ftp.sra.ebi.ac.uk/vol1/err/ERR138/091/ERR13821991/ERR13821991.bam
UK-3126-BMYV-72_S241_L004,/proj/snic2021-23-442/raw_rna_data/all_raw_fastq/UK-3126-BMYV-72_S241_L004_R1_001.fastq.gz,/proj/snic2021-23-442/raw_rna_data/all_raw_fastq/UK-3126-BMYV-72_S241_L004_R2_001.fastq.gz,forward,Sample_UK-3126-BMYV-72,Resistant,BMYV,Young,21_DAI,Inoculated,4,ERR13821992,SAMEA116106010,ERX13224744,PRJEB80223,161934,Beta vulgaris,ftp.sra.ebi.ac.uk/vol1/fastq/ERR138/092/ERR13821992/ERR13821992_1.fastq.gz;ftp.sra.ebi.ac.uk/vol1/fastq/ERR138/092/ERR13821992/ERR13821992_2.fastq.gz,ftp.sra.ebi.ac.uk/vol1/run/ERR138/ERR13821992/UK-3126-BMYV-72_S241_L004_R1_001.fastq.gz;ftp.sra.ebi.ac.uk/vol1/run/ERR138/ERR13821992/UK-3126-BMYV-72_S241_L004_R2_001.fastq.gz,ftp.sra.ebi.ac.uk/vol1/err/ERR138/092/ERR13821992/ERR13821992.bam
UK-3126-BMYV-73_S242_L004,/proj/snic2021-23-442/raw_rna_data/all_raw_fastq/UK-3126-BMYV-73_S242_L004_R1_001.fastq.gz,/proj/snic2021-23-442/raw_rna_data/all_raw_fastq/UK-3126-BMYV-73_S242_L004_R2_001.fastq.gz,forward,Sample_UK-3126-BMYV-73,Susceptible,BMYV,Old,21_DAI,Inoculated,4,ERR13821993,SAMEA116106011,ERX13224745,PRJEB80223,161934,Beta vulgaris,ftp.sra.ebi.ac.uk/vol1/fastq/ERR138/093/ERR13821993/ERR13821993_1.fastq.gz;ftp.sra.ebi.ac.uk/vol1/fastq/ERR138/093/ERR13821993/ERR13821993_2.fastq.gz,ftp.sra.ebi.ac.uk/vol1/run/ERR138/ERR13821993/UK-3126-BMYV-73_S242_L004_R1_001.fastq.gz;ftp.sra.ebi.ac.uk/vol1/run/ERR138/ERR13821993/UK-3126-BMYV-73_S242_L004_R2_001.fastq.gz,ftp.sra.ebi.ac.uk/vol1/err/ERR138/093/ERR13821993/ERR13821993.bam
UK-3126-BMYV-74_S243_L004,/proj/snic2021-23-442/raw_rna_data/all_raw_fastq/UK-3126-BMYV-74_S243_L004_R1_001.fastq.gz,/proj/snic2021-23-442/raw_rna_data/all_raw_fastq/UK-3126-BMYV-74_S243_L004_R2_001.fastq.gz,forward,Sample_UK-3126-BMYV-74,Susceptible,BMYV,Young,21_DAI,Inoculated,4,ERR13821994,SAMEA116106012,ERX13224746,PRJEB80223,161934,Beta vulgaris,ftp.sra.ebi.ac.uk/vol1/fastq/ERR138/094/ERR13821994/ERR13821994_1.fastq.gz;ftp.sra.ebi.ac.uk/vol1/fastq/ERR138/094/ERR13821994/ERR13821994_2.fastq.gz,ftp.sra.ebi.ac.uk/vol1/run/ERR138/ERR13821994/UK-3126-BMYV-74_S243_L004_R1_001.fastq.gz;ftp.sra.ebi.ac.uk/vol1/run/ERR138/ERR13821994/UK-3126-BMYV-74_S243_L004_R2_001.fastq.gz,ftp.sra.ebi.ac.uk/vol1/err/ERR138/094/ERR13821994/ERR13821994.bam
UK-3126-BMYV-75_S244_L004,/proj/snic2021-23-442/raw_rna_data/all_raw_fastq/UK-3126-BMYV-75_S244_L004_R1_001.fastq.gz,/proj/snic2021-23-442/raw_rna_data/all_raw_fastq/UK-3126-BMYV-75_S244_L004_R2_001.fastq.gz,forward,Sample_UK-3126-BMYV-75,Susceptible,BMYV,Old,21_DAI,Inoculated,4,ERR13821995,SAMEA116106013,ERX13224747,PRJEB80223,161934,Beta vulgaris,ftp.sra.ebi.ac.uk/vol1/fastq/ERR138/095/ERR13821995/ERR13821995_1.fastq.gz;ftp.sra.ebi.ac.uk/vol1/fastq/ERR138/095/ERR13821995/ERR13821995_2.fastq.gz,ftp.sra.ebi.ac.uk/vol1/run/ERR138/ERR13821995/UK-3126-BMYV-75_S244_L004_R1_001.fastq.gz;ftp.sra.ebi.ac.uk/vol1/run/ERR138/ERR13821995/UK-3126-BMYV-75_S244_L004_R2_001.fastq.gz,ftp.sra.ebi.ac.uk/vol1/err/ERR138/095/ERR13821995/ERR13821995.bam
UK-3126-BMYV-76_S245_L004,/proj/snic2021-23-442/raw_rna_data/all_raw_fastq/UK-3126-BMYV-76_S245_L004_R1_001.fastq.gz,/proj/snic2021-23-442/raw_rna_data/all_raw_fastq/UK-3126-BMYV-76_S245_L004_R2_001.fastq.gz,forward,Sample_UK-3126-BMYV-76,Susceptible,BMYV,Young,21_DAI,Inoculated,4,ERR13821996,SAMEA116106014,ERX13224748,PRJEB80223,161934,Beta vulgaris,ftp.sra.ebi.ac.uk/vol1/fastq/ERR138/096/ERR13821996/ERR13821996_1.fastq.gz;ftp.sra.ebi.ac.uk/vol1/fastq/ERR138/096/ERR13821996/ERR13821996_2.fastq.gz,ftp.sra.ebi.ac.uk/vol1/run/ERR138/ERR13821996/UK-3126-BMYV-76_S245_L004_R1_001.fastq.gz;ftp.sra.ebi.ac.uk/vol1/run/ERR138/ERR13821996/UK-3126-BMYV-76_S245_L004_R2_001.fastq.gz,ftp.sra.ebi.ac.uk/vol1/err/ERR138/096/ERR13821996/ERR13821996.bam
UK-3126-BMYV-77_S246_L004,/proj/snic2021-23-442/raw_rna_data/all_raw_fastq/UK-3126-BMYV-77_S246_L004_R1_001.fastq.gz,/proj/snic2021-23-442/raw_rna_data/all_raw_fastq/UK-3126-BMYV-77_S246_L004_R2_001.fastq.gz,forward,Sample_UK-3126-BMYV-77,Susceptible,BMYV,Old,21_DAI,Inoculated,4,ERR13821997,SAMEA116106015,ERX13224749,PRJEB80223,161934,Beta vulgaris,ftp.sra.ebi.ac.uk/vol1/fastq/ERR138/097/ERR13821997/ERR13821997_1.fastq.gz;ftp.sra.ebi.ac.uk/vol1/fastq/ERR138/097/ERR13821997/ERR13821997_2.fastq.gz,ftp.sra.ebi.ac.uk/vol1/run/ERR138/ERR13821997/UK-3126-BMYV-77_S246_L004_R1_001.fastq.gz;ftp.sra.ebi.ac.uk/vol1/run/ERR138/ERR13821997/UK-3126-BMYV-77_S246_L004_R2_001.fastq.gz,ftp.sra.ebi.ac.uk/vol1/err/ERR138/097/ERR13821997/ERR13821997.bam
UK-3126-BMYV-78_S247_L004,/proj/snic2021-23-442/raw_rna_data/all_raw_fastq/UK-3126-BMYV-78_S247_L004_R1_001.fastq.gz,/proj/snic2021-23-442/raw_rna_data/all_raw_fastq/UK-3126-BMYV-78_S247_L004_R2_001.fastq.gz,forward,Sample_UK-3126-BMYV-78,Susceptible,BMYV,Young,21_DAI,Inoculated,4,ERR13821998,SAMEA116106016,ERX13224750,PRJEB80223,161934,Beta vulgaris,ftp.sra.ebi.ac.uk/vol1/fastq/ERR138/098/ERR13821998/ERR13821998_1.fastq.gz;ftp.sra.ebi.ac.uk/vol1/fastq/ERR138/098/ERR13821998/ERR13821998_2.fastq.gz,ftp.sra.ebi.ac.uk/vol1/run/ERR138/ERR13821998/UK-3126-BMYV-78_S247_L004_R1_001.fastq.gz;ftp.sra.ebi.ac.uk/vol1/run/ERR138/ERR13821998/UK-3126-BMYV-78_S247_L004_R2_001.fastq.gz,ftp.sra.ebi.ac.uk/vol1/err/ERR138/098/ERR13821998/ERR13821998.bam
UK-3126-BMYV-79_S248_L004,/proj/snic2021-23-442/raw_rna_data/all_raw_fastq/UK-3126-BMYV-79_S248_L004_R1_001.fastq.gz,/proj/snic2021-23-442/raw_rna_data/all_raw_fastq/UK-3126-BMYV-79_S248_L004_R2_001.fastq.gz,forward,Sample_UK-3126-BMYV-79,Resistant,BMYV,Old,21_DAI,Healthy,4,ERR13821999,SAMEA116106017,ERX13224751,PRJEB80223,161934,Beta vulgaris,ftp.sra.ebi.ac.uk/vol1/fastq/ERR138/099/ERR13821999/ERR13821999_1.fastq.gz;ftp.sra.ebi.ac.uk/vol1/fastq/ERR138/099/ERR13821999/ERR13821999_2.fastq.gz,ftp.sra.ebi.ac.uk/vol1/run/ERR138/ERR13821999/UK-3126-BMYV-79_S248_L004_R1_001.fastq.gz;ftp.sra.ebi.ac.uk/vol1/run/ERR138/ERR13821999/UK-3126-BMYV-79_S248_L004_R2_001.fastq.gz,ftp.sra.ebi.ac.uk/vol1/err/ERR138/099/ERR13821999/ERR13821999.bam
UK-3126-BMYV-80_S249_L004,/proj/snic2021-23-442/raw_rna_data/all_raw_fastq/UK-3126-BMYV-80_S249_L004_R1_001.fastq.gz,/proj/snic2021-23-442/raw_rna_data/all_raw_fastq/UK-3126-BMYV-80_S249_L004_R2_001.fastq.gz,forward,Sample_UK-3126-BMYV-80,Resistant,BMYV,Young,21_DAI,Healthy,4,ERR13822000,SAMEA116106018,ERX13224752,PRJEB80223,161934,Beta vulgaris,ftp.sra.ebi.ac.uk/vol1/fastq/ERR138/000/ERR13822000/ERR13822000_1.fastq.gz;ftp.sra.ebi.ac.uk/vol1/fastq/ERR138/000/ERR13822000/ERR13822000_2.fastq.gz,ftp.sra.ebi.ac.uk/vol1/run/ERR138/ERR13822000/UK-3126-BMYV-80_S249_L004_R1_001.fastq.gz;ftp.sra.ebi.ac.uk/vol1/run/ERR138/ERR13822000/UK-3126-BMYV-80_S249_L004_R2_001.fastq.gz,ftp.sra.ebi.ac.uk/vol1/err/ERR138/000/ERR13822000/ERR13822000.bam
UK-3126-BMYV-81_S250_L004,/proj/snic2021-23-442/raw_rna_data/all_raw_fastq/UK-3126-BMYV-81_S250_L004_R1_001.fastq.gz,/proj/snic2021-23-442/raw_rna_data/all_raw_fastq/UK-3126-BMYV-81_S250_L004_R2_001.fastq.gz,forward,Sample_UK-3126-BMYV-81,Resistant,BMYV,Old,21_DAI,Healthy,4,ERR13822001,SAMEA116106019,ERX13224753,PRJEB80223,161934,Beta vulgaris,ftp.sra.ebi.ac.uk/vol1/fastq/ERR138/001/ERR13822001/ERR13822001_1.fastq.gz;ftp.sra.ebi.ac.uk/vol1/fastq/ERR138/001/ERR13822001/ERR13822001_2.fastq.gz,ftp.sra.ebi.ac.uk/vol1/run/ERR138/ERR13822001/UK-3126-BMYV-81_S250_L004_R1_001.fastq.gz;ftp.sra.ebi.ac.uk/vol1/run/ERR138/ERR13822001/UK-3126-BMYV-81_S250_L004_R2_001.fastq.gz,ftp.sra.ebi.ac.uk/vol1/err/ERR138/001/ERR13822001/ERR13822001.bam
UK-3126-BMYV-82_S251_L004,/proj/snic2021-23-442/raw_rna_data/all_raw_fastq/UK-3126-BMYV-82_S251_L004_R1_001.fastq.gz,/proj/snic2021-23-442/raw_rna_data/all_raw_fastq/UK-3126-BMYV-82_S251_L004_R2_001.fastq.gz,forward,Sample_UK-3126-BMYV-82,Resistant,BMYV,Young,21_DAI,Healthy,4,ERR13822002,SAMEA116106020,ERX13224754,PRJEB80223,161934,Beta vulgaris,ftp.sra.ebi.ac.uk/vol1/fastq/ERR138/002/ERR13822002/ERR13822002_1.fastq.gz;ftp.sra.ebi.ac.uk/vol1/fastq/ERR138/002/ERR13822002/ERR13822002_2.fastq.gz,ftp.sra.ebi.ac.uk/vol1/run/ERR138/ERR13822002/UK-3126-BMYV-82_S251_L004_R1_001.fastq.gz;ftp.sra.ebi.ac.uk/vol1/run/ERR138/ERR13822002/UK-3126-BMYV-82_S251_L004_R2_001.fastq.gz,ftp.sra.ebi.ac.uk/vol1/err/ERR138/002/ERR13822002/ERR13822002.bam
UK-3126-BMYV-83_S252_L004,/proj/snic2021-23-442/raw_rna_data/all_raw_fastq/UK-3126-BMYV-83_S252_L004_R1_001.fastq.gz,/proj/snic2021-23-442/raw_rna_data/all_raw_fastq/UK-3126-BMYV-83_S252_L004_R2_001.fastq.gz,forward,Sample_UK-3126-BMYV-83,Resistant,BMYV,Old,21_DAI,Healthy,4,ERR13822003,SAMEA116106021,ERX13224755,PRJEB80223,161934,Beta vulgaris,ftp.sra.ebi.ac.uk/vol1/fastq/ERR138/003/ERR13822003/ERR13822003_1.fastq.gz;ftp.sra.ebi.ac.uk/vol1/fastq/ERR138/003/ERR13822003/ERR13822003_2.fastq.gz,ftp.sra.ebi.ac.uk/vol1/run/ERR138/ERR13822003/UK-3126-BMYV-83_S252_L004_R1_001.fastq.gz;ftp.sra.ebi.ac.uk/vol1/run/ERR138/ERR13822003/UK-3126-BMYV-83_S252_L004_R2_001.fastq.gz,ftp.sra.ebi.ac.uk/vol1/err/ERR138/003/ERR13822003/ERR13822003.bam
UK-3126-BMYV-84_S253_L004,/proj/snic2021-23-442/raw_rna_data/all_raw_fastq/UK-3126-BMYV-84_S253_L004_R1_001.fastq.gz,/proj/snic2021-23-442/raw_rna_data/all_raw_fastq/UK-3126-BMYV-84_S253_L004_R2_001.fastq.gz,forward,Sample_UK-3126-BMYV-84,Resistant,BMYV,Young,21_DAI,Healthy,4,ERR13822004,SAMEA116106022,ERX13224756,PRJEB80223,161934,Beta vulgaris,ftp.sra.ebi.ac.uk/vol1/fastq/ERR138/004/ERR13822004/ERR13822004_1.fastq.gz;ftp.sra.ebi.ac.uk/vol1/fastq/ERR138/004/ERR13822004/ERR13822004_2.fastq.gz,ftp.sra.ebi.ac.uk/vol1/run/ERR138/ERR13822004/UK-3126-BMYV-84_S253_L004_R1_001.fastq.gz;ftp.sra.ebi.ac.uk/vol1/run/ERR138/ERR13822004/UK-3126-BMYV-84_S253_L004_R2_001.fastq.gz,ftp.sra.ebi.ac.uk/vol1/err/ERR138/004/ERR13822004/ERR13822004.bam
UK-3126-BMYV-85_S254_L004,/proj/snic2021-23-442/raw_rna_data/all_raw_fastq/UK-3126-BMYV-85_S254_L004_R1_001.fastq.gz,/proj/snic2021-23-442/raw_rna_data/all_raw_fastq/UK-3126-BMYV-85_S254_L004_R2_001.fastq.gz,forward,Sample_UK-3126-BMYV-85,Susceptible,BMYV,Old,21_DAI,Healthy,4,ERR13822005,SAMEA116106023,ERX13224757,PRJEB80223,161934,Beta vulgaris,ftp.sra.ebi.ac.uk/vol1/fastq/ERR138/005/ERR13822005/ERR13822005_1.fastq.gz;ftp.sra.ebi.ac.uk/vol1/fastq/ERR138/005/ERR13822005/ERR13822005_2.fastq.gz,ftp.sra.ebi.ac.uk/vol1/run/ERR138/ERR13822005/UK-3126-BMYV-85_S254_L004_R1_001.fastq.gz;ftp.sra.ebi.ac.uk/vol1/run/ERR138/ERR13822005/UK-3126-BMYV-85_S254_L004_R2_001.fastq.gz,ftp.sra.ebi.ac.uk/vol1/err/ERR138/005/ERR13822005/ERR13822005.bam
UK-3126-BMYV-86_S255_L004,/proj/snic2021-23-442/raw_rna_data/all_raw_fastq/UK-3126-BMYV-86_S255_L004_R1_001.fastq.gz,/proj/snic2021-23-442/raw_rna_data/all_raw_fastq/UK-3126-BMYV-86_S255_L004_R2_001.fastq.gz,forward,Sample_UK-3126-BMYV-86,Susceptible,BMYV,Young,21_DAI,Healthy,4,ERR13822006,SAMEA116106024,ERX13224758,PRJEB80223,161934,Beta vulgaris,ftp.sra.ebi.ac.uk/vol1/fastq/ERR138/006/ERR13822006/ERR13822006_1.fastq.gz;ftp.sra.ebi.ac.uk/vol1/fastq/ERR138/006/ERR13822006/ERR13822006_2.fastq.gz,ftp.sra.ebi.ac.uk/vol1/run/ERR138/ERR13822006/UK-3126-BMYV-86_S255_L004_R1_001.fastq.gz;ftp.sra.ebi.ac.uk/vol1/run/ERR138/ERR13822006/UK-3126-BMYV-86_S255_L004_R2_001.fastq.gz,ftp.sra.ebi.ac.uk/vol1/err/ERR138/006/ERR13822006/ERR13822006.bam
UK-3126-BMYV-87_S256_L004,/proj/snic2021-23-442/raw_rna_data/all_raw_fastq/UK-3126-BMYV-87_S256_L004_R1_001.fastq.gz,/proj/snic2021-23-442/raw_rna_data/all_raw_fastq/UK-3126-BMYV-87_S256_L004_R2_001.fastq.gz,forward,Sample_UK-3126-BMYV-87,Susceptible,BMYV,Old,21_DAI,Healthy,4,ERR13822007,SAMEA116106025,ERX13224759,PRJEB80223,161934,Beta vulgaris,ftp.sra.ebi.ac.uk/vol1/fastq/ERR138/007/ERR13822007/ERR13822007_1.fastq.gz;ftp.sra.ebi.ac.uk/vol1/fastq/ERR138/007/ERR13822007/ERR13822007_2.fastq.gz,ftp.sra.ebi.ac.uk/vol1/run/ERR138/ERR13822007/UK-3126-BMYV-87_S256_L004_R1_001.fastq.gz;ftp.sra.ebi.ac.uk/vol1/run/ERR138/ERR13822007/UK-3126-BMYV-87_S256_L004_R2_001.fastq.gz,ftp.sra.ebi.ac.uk/vol1/err/ERR138/007/ERR13822007/ERR13822007.bam
UK-3126-BMYV-88_S257_L004,/proj/snic2021-23-442/raw_rna_data/all_raw_fastq/UK-3126-BMYV-88_S257_L004_R1_001.fastq.gz,/proj/snic2021-23-442/raw_rna_data/all_raw_fastq/UK-3126-BMYV-88_S257_L004_R2_001.fastq.gz,forward,Sample_UK-3126-BMYV-88,Susceptible,BMYV,Young,21_DAI,Healthy,4,ERR13822008,SAMEA116106026,ERX13224760,PRJEB80223,161934,Beta vulgaris,ftp.sra.ebi.ac.uk/vol1/fastq/ERR138/008/ERR13822008/ERR13822008_1.fastq.gz;ftp.sra.ebi.ac.uk/vol1/fastq/ERR138/008/ERR13822008/ERR13822008_2.fastq.gz,ftp.sra.ebi.ac.uk/vol1/run/ERR138/ERR13822008/UK-3126-BMYV-88_S257_L004_R1_001.fastq.gz;ftp.sra.ebi.ac.uk/vol1/run/ERR138/ERR13822008/UK-3126-BMYV-88_S257_L004_R2_001.fastq.gz,ftp.sra.ebi.ac.uk/vol1/err/ERR138/008/ERR13822008/ERR13822008.bam
UK-3126-BMYV-89_S258_L004,/proj/snic2021-23-442/raw_rna_data/all_raw_fastq/UK-3126-BMYV-89_S258_L004_R1_001.fastq.gz,/proj/snic2021-23-442/raw_rna_data/all_raw_fastq/UK-3126-BMYV-89_S258_L004_R2_001.fastq.gz,forward,Sample_UK-3126-BMYV-89,Susceptible,BMYV,Old,21_DAI,Healthy,4,ERR13822009,SAMEA116106027,ERX13224761,PRJEB80223,161934,Beta vulgaris,ftp.sra.ebi.ac.uk/vol1/fastq/ERR138/009/ERR13822009/ERR13822009_1.fastq.gz;ftp.sra.ebi.ac.uk/vol1/fastq/ERR138/009/ERR13822009/ERR13822009_2.fastq.gz,ftp.sra.ebi.ac.uk/vol1/run/ERR138/ERR13822009/UK-3126-BMYV-89_S258_L004_R1_001.fastq.gz;ftp.sra.ebi.ac.uk/vol1/run/ERR138/ERR13822009/UK-3126-BMYV-89_S258_L004_R2_001.fastq.gz,ftp.sra.ebi.ac.uk/vol1/err/ERR138/009/ERR13822009/ERR13822009.bam
UK-3126-BMYV-90_S259_L004,/proj/snic2021-23-442/raw_rna_data/all_raw_fastq/UK-3126-BMYV-90_S259_L004_R1_001.fastq.gz,/proj/snic2021-23-442/raw_rna_data/all_raw_fastq/UK-3126-BMYV-90_S259_L004_R2_001.fastq.gz,forward,Sample_UK-3126-BMYV-90,Susceptible,BMYV,Young,21_DAI,Healthy,4,ERR13822010,SAMEA116106028,ERX13224762,PRJEB80223,161934,Beta vulgaris,ftp.sra.ebi.ac.uk/vol1/fastq/ERR138/010/ERR13822010/ERR13822010_1.fastq.gz;ftp.sra.ebi.ac.uk/vol1/fastq/ERR138/010/ERR13822010/ERR13822010_2.fastq.gz,ftp.sra.ebi.ac.uk/vol1/run/ERR138/ERR13822010/UK-3126-BMYV-90_S259_L004_R1_001.fastq.gz;ftp.sra.ebi.ac.uk/vol1/run/ERR138/ERR13822010/UK-3126-BMYV-90_S259_L004_R2_001.fastq.gz,ftp.sra.ebi.ac.uk/vol1/err/ERR138/010/ERR13822010/ERR13822010.bam
UK-3126-BMYV-91_S260_L004,/proj/snic2021-23-442/raw_rna_data/all_raw_fastq/UK-3126-BMYV-91_S260_L004_R1_001.fastq.gz,/proj/snic2021-23-442/raw_rna_data/all_raw_fastq/UK-3126-BMYV-91_S260_L004_R2_001.fastq.gz,forward,Sample_UK-3126-BMYV-91,Resistant,BMYV,Old,21_DAI,Insecticide,4,ERR13822011,SAMEA116106029,ERX13224763,PRJEB80223,161934,Beta vulgaris,ftp.sra.ebi.ac.uk/vol1/fastq/ERR138/011/ERR13822011/ERR13822011_1.fastq.gz;ftp.sra.ebi.ac.uk/vol1/fastq/ERR138/011/ERR13822011/ERR13822011_2.fastq.gz,ftp.sra.ebi.ac.uk/vol1/run/ERR138/ERR13822011/UK-3126-BMYV-91_S260_L004_R1_001.fastq.gz;ftp.sra.ebi.ac.uk/vol1/run/ERR138/ERR13822011/UK-3126-BMYV-91_S260_L004_R2_001.fastq.gz,ftp.sra.ebi.ac.uk/vol1/err/ERR138/011/ERR13822011/ERR13822011.bam
UK-3126-BMYV-92_S261_L004,/proj/snic2021-23-442/raw_rna_data/all_raw_fastq/UK-3126-BMYV-92_S261_L004_R1_001.fastq.gz,/proj/snic2021-23-442/raw_rna_data/all_raw_fastq/UK-3126-BMYV-92_S261_L004_R2_001.fastq.gz,forward,Sample_UK-3126-BMYV-92,Resistant,BMYV,Young,21_DAI,Insecticide,4,ERR13822012,SAMEA116106030,ERX13224764,PRJEB80223,161934,Beta vulgaris,ftp.sra.ebi.ac.uk/vol1/fastq/ERR138/012/ERR13822012/ERR13822012_1.fastq.gz;ftp.sra.ebi.ac.uk/vol1/fastq/ERR138/012/ERR13822012/ERR13822012_2.fastq.gz,ftp.sra.ebi.ac.uk/vol1/run/ERR138/ERR13822012/UK-3126-BMYV-92_S261_L004_R1_001.fastq.gz;ftp.sra.ebi.ac.uk/vol1/run/ERR138/ERR13822012/UK-3126-BMYV-92_S261_L004_R2_001.fastq.gz,ftp.sra.ebi.ac.uk/vol1/err/ERR138/012/ERR13822012/ERR13822012.bam
UK-3126-BMYV-93_S262_L004,/proj/snic2021-23-442/raw_rna_data/all_raw_fastq/UK-3126-BMYV-93_S262_L004_R1_001.fastq.gz,/proj/snic2021-23-442/raw_rna_data/all_raw_fastq/UK-3126-BMYV-93_S262_L004_R2_001.fastq.gz,forward,Sample_UK-3126-BMYV-93,Resistant,BMYV,Old,21_DAI,Insecticide,4,ERR13822013,SAMEA116106031,ERX13224765,PRJEB80223,161934,Beta vulgaris,ftp.sra.ebi.ac.uk/vol1/fastq/ERR138/013/ERR13822013/ERR13822013_1.fastq.gz;ftp.sra.ebi.ac.uk/vol1/fastq/ERR138/013/ERR13822013/ERR13822013_2.fastq.gz,ftp.sra.ebi.ac.uk/vol1/run/ERR138/ERR13822013/UK-3126-BMYV-93_S262_L004_R1_001.fastq.gz;ftp.sra.ebi.ac.uk/vol1/run/ERR138/ERR13822013/UK-3126-BMYV-93_S262_L004_R2_001.fastq.gz,ftp.sra.ebi.ac.uk/vol1/err/ERR138/013/ERR13822013/ERR13822013.bam
UK-3126-BMYV-94_S263_L004,/proj/snic2021-23-442/raw_rna_data/all_raw_fastq/UK-3126-BMYV-94_S263_L004_R1_001.fastq.gz,/proj/snic2021-23-442/raw_rna_data/all_raw_fastq/UK-3126-BMYV-94_S263_L004_R2_001.fastq.gz,forward,Sample_UK-3126-BMYV-94,Resistant,BMYV,Young,21_DAI,Insecticide,4,ERR13822014,SAMEA116106032,ERX13224766,PRJEB80223,161934,Beta vulgaris,ftp.sra.ebi.ac.uk/vol1/fastq/ERR138/014/ERR13822014/ERR13822014_1.fastq.gz;ftp.sra.ebi.ac.uk/vol1/fastq/ERR138/014/ERR13822014/ERR13822014_2.fastq.gz,ftp.sra.ebi.ac.uk/vol1/run/ERR138/ERR13822014/UK-3126-BMYV-94_S263_L004_R1_001.fastq.gz;ftp.sra.ebi.ac.uk/vol1/run/ERR138/ERR13822014/UK-3126-BMYV-94_S263_L004_R2_001.fastq.gz,ftp.sra.ebi.ac.uk/vol1/err/ERR138/014/ERR13822014/ERR13822014.bam
UK-3126-BMYV-95_S264_L004,/proj/snic2021-23-442/raw_rna_data/all_raw_fastq/UK-3126-BMYV-95_S264_L004_R1_001.fastq.gz,/proj/snic2021-23-442/raw_rna_data/all_raw_fastq/UK-3126-BMYV-95_S264_L004_R2_001.fastq.gz,forward,Sample_UK-3126-BMYV-95,Resistant,BMYV,Old,21_DAI,Insecticide,4,ERR13822015,SAMEA116106033,ERX13224767,PRJEB80223,161934,Beta vulgaris,ftp.sra.ebi.ac.uk/vol1/fastq/ERR138/015/ERR13822015/ERR13822015_1.fastq.gz;ftp.sra.ebi.ac.uk/vol1/fastq/ERR138/015/ERR13822015/ERR13822015_2.fastq.gz,ftp.sra.ebi.ac.uk/vol1/run/ERR138/ERR13822015/UK-3126-BMYV-95_S264_L004_R1_001.fastq.gz;ftp.sra.ebi.ac.uk/vol1/run/ERR138/ERR13822015/UK-3126-BMYV-95_S264_L004_R2_001.fastq.gz,ftp.sra.ebi.ac.uk/vol1/err/ERR138/015/ERR13822015/ERR13822015.bam
UK-3126-BMYV-96_S99_L003,/proj/snic2021-23-442/raw_rna_data/all_raw_fastq/UK-3126-BMYV-96_S99_L003_R1_001.fastq.gz,/proj/snic2021-23-442/raw_rna_data/all_raw_fastq/UK-3126-BMYV-96_S99_L003_R2_001.fastq.gz,forward,Sample_UK-3126-BMYV-96,Resistant,BMYV,Young,21_DAI,Insecticide,3,ERR13822016,SAMEA116106034,ERX13224768,PRJEB80223,161934,Beta vulgaris,ftp.sra.ebi.ac.uk/vol1/fastq/ERR138/016/ERR13822016/ERR13822016_1.fastq.gz;ftp.sra.ebi.ac.uk/vol1/fastq/ERR138/016/ERR13822016/ERR13822016_2.fastq.gz,ftp.sra.ebi.ac.uk/vol1/run/ERR138/ERR13822016/UK-3126-BMYV-96_S99_L003_R1_001.fastq.gz;ftp.sra.ebi.ac.uk/vol1/run/ERR138/ERR13822016/UK-3126-BMYV-96_S99_L003_R2_001.fastq.gz,ftp.sra.ebi.ac.uk/vol1/err/ERR138/016/ERR13822016/ERR13822016.bam
UK-3126-BMYV-97_S100_L003,/proj/snic2021-23-442/raw_rna_data/all_raw_fastq/UK-3126-BMYV-97_S100_L003_R1_001.fastq.gz,/proj/snic2021-23-442/raw_rna_data/all_raw_fastq/UK-3126-BMYV-97_S100_L003_R2_001.fastq.gz,forward,Sample_UK-3126-BMYV-97,Susceptible,BMYV,Old,21_DAI,Insecticide,3,ERR13822017,SAMEA116106035,ERX13224769,PRJEB80223,161934,Beta vulgaris,ftp.sra.ebi.ac.uk/vol1/fastq/ERR138/017/ERR13822017/ERR13822017_1.fastq.gz;ftp.sra.ebi.ac.uk/vol1/fastq/ERR138/017/ERR13822017/ERR13822017_2.fastq.gz,ftp.sra.ebi.ac.uk/vol1/run/ERR138/ERR13822017/UK-3126-BMYV-97_S100_L003_R1_001.fastq.gz;ftp.sra.ebi.ac.uk/vol1/run/ERR138/ERR13822017/UK-3126-BMYV-97_S100_L003_R2_001.fastq.gz,ftp.sra.ebi.ac.uk/vol1/err/ERR138/017/ERR13822017/ERR13822017.bam
UK-3126-BMYV-98_S101_L003,/proj/snic2021-23-442/raw_rna_data/all_raw_fastq/UK-3126-BMYV-98_S101_L003_R1_001.fastq.gz,/proj/snic2021-23-442/raw_rna_data/all_raw_fastq/UK-3126-BMYV-98_S101_L003_R2_001.fastq.gz,forward,Sample_UK-3126-BMYV-98,Susceptible,BMYV,Young,21_DAI,Insecticide,3,ERR13822018,SAMEA116106036,ERX13224770,PRJEB80223,161934,Beta vulgaris,ftp.sra.ebi.ac.uk/vol1/fastq/ERR138/018/ERR13822018/ERR13822018_1.fastq.gz;ftp.sra.ebi.ac.uk/vol1/fastq/ERR138/018/ERR13822018/ERR13822018_2.fastq.gz,ftp.sra.ebi.ac.uk/vol1/run/ERR138/ERR13822018/UK-3126-BMYV-98_S101_L003_R1_001.fastq.gz;ftp.sra.ebi.ac.uk/vol1/run/ERR138/ERR13822018/UK-3126-BMYV-98_S101_L003_R2_001.fastq.gz,ftp.sra.ebi.ac.uk/vol1/err/ERR138/018/ERR13822018/ERR13822018.bam
UK-3126-BMYV-99_S102_L003,/proj/snic2021-23-442/raw_rna_data/all_raw_fastq/UK-3126-BMYV-99_S102_L003_R1_001.fastq.gz,/proj/snic2021-23-442/raw_rna_data/all_raw_fastq/UK-3126-BMYV-99_S102_L003_R2_001.fastq.gz,forward,Sample_UK-3126-BMYV-99,Susceptible,BMYV,Old,21_DAI,Insecticide,3,ERR13822019,SAMEA116106037,ERX13224771,PRJEB80223,161934,Beta vulgaris,ftp.sra.ebi.ac.uk/vol1/fastq/ERR138/019/ERR13822019/ERR13822019_1.fastq.gz;ftp.sra.ebi.ac.uk/vol1/fastq/ERR138/019/ERR13822019/ERR13822019_2.fastq.gz,ftp.sra.ebi.ac.uk/vol1/run/ERR138/ERR13822019/UK-3126-BMYV-99_S102_L003_R1_001.fastq.gz;ftp.sra.ebi.ac.uk/vol1/run/ERR138/ERR13822019/UK-3126-BMYV-99_S102_L003_R2_001.fastq.gz,ftp.sra.ebi.ac.uk/vol1/err/ERR138/019/ERR13822019/ERR13822019.bam
